AÃ±o,Estado,GINI,decil_1,decil_2,decil_3,decil_4,decil_5,decil_6,decil_7,decil_8,decil_9,decil_10,p1_Respuesta_1,p1_Respuesta_2,p1_Respuesta_3,p1_Respuesta_4,p1_Respuesta_5,p1_Respuesta_6,p10_Respuesta_1,p10_Respuesta_2,p10_Respuesta_3,p10_Respuesta_4,p11_Respuesta_1,p11_Respuesta_2,p11_Respuesta_3,p11_Respuesta_4,p11_Respuesta_5,p11_Respuesta_6,p12_Respuesta_1,p12_Respuesta_2,p12_Respuesta_3,p12_Respuesta_4,p12_Respuesta_5,p12_Respuesta_6,p12_Respuesta_7,p13_Respuesta_1,p13_Respuesta_2,p13_Respuesta_3,p13_Respuesta_4,p13_Respuesta_5,p13_Respuesta_6,p14_Respuesta_1,p14_Respuesta_2,p14_Respuesta_3,p14_Respuesta_4,p15_Respuesta_1,p15_Respuesta_2,p15_Respuesta_3,p15_Respuesta_4,p2_Respuesta_1,p2_Respuesta_2,p2_Respuesta_3,p2_Respuesta_4,p2_Respuesta_5,p2_Respuesta_6,p3_Respuesta_1,p3_Respuesta_2,p3_Respuesta_3,p3_Respuesta_4,p3_Respuesta_5,p3_Respuesta_6,p4_Respuesta_1,p4_Respuesta_2,p4_Respuesta_3,p4_Respuesta_4,p4_Respuesta_5,p4_Respuesta_6,p5_Respuesta_1,p5_Respuesta_2,p5_Respuesta_3,p5_Respuesta_4,p5_Respuesta_5,p5_Respuesta_6,p6_Respuesta_1,p6_Respuesta_2,p6_Respuesta_3,p6_Respuesta_4,p6_Respuesta_5,p6_Respuesta_6,p7_Respuesta_1,p7_Respuesta_2,p7_Respuesta_3,p7_Respuesta_4,p8_Respuesta_1,p8_Respuesta_2,p8_Respuesta_3,p8_Respuesta_4,p9_Respuesta_1,p9_Respuesta_2,p9_Respuesta_3,Percepcion_Economica_Personal_Positiva,Percepcion_Economica_Personal_Negativa,Percepcion_Naciona_Positiva,Percepcion_Nacional_Negativa,Consumo_Ahorro_Positivo,Consumo_Ahorro_Negativo,Incertidumbre_Economica_Personal,Incertidumbre_Economica_Nacional,Ingreso promedio total,estado_codigo,cvegeo
2018,Aguascalientes,0.3919,12897.0042,21632.4067,28037.0916,33974.636,41194.1295,48830.99,57956.4107,70328.6338,92548.189,179513.1645,0.5806,12.2376,55.2479,31.3533,0.5806,,14.6941,84.8146,0.4913,,,26.619,35.7749,37.2934,0.3126,,,0.2233,1.1612,18.669,2.7244,77.222,,1.0272,30.3707,39.5266,25.3685,3.707,,3.1711,2.6351,94.1938,,6.7887,6.6548,86.5565,,0.2233,43.0103,37.0255,19.6516,0.0893,,0.3573,15.364,65.1184,19.071,0.0893,,,47.7892,33.6311,18.4011,0.1787,,,1.3399,13.3542,78.5172,6.7887,,0.2233,17.8651,28.6735,45.958,7.28,,9.4238,29.2095,61.188,0.1787,,7.95,92.05,,8.3966,91.6034,,28.235,11.1769,13.3765,23.6266,13.7561,65.9223,0.335,,58691.2656,1,01
2018,Baja california,0.3807,14237.3575,22686.5154,28504.3713,34694.7324,41388.6446,48907.959,58988.6752,73525.6182,98436.0135,170044.6549,2.5776,22.7885,50.7323,22.4956,1.406,,42.5893,55.7704,,1.6403,2.2261,26.0105,60.5155,8.1429,0.1172,2.9877,0.5272,5.331,19.1564,31.8102,10.7791,31.4001,0.9959,3.2806,36.0281,38.3714,11.365,5.2724,5.6825,14.9385,8.9631,75.9813,0.1172,25.8934,12.1265,61.6286,0.3515,3.5735,42.7065,35.618,11.8336,1.1131,5.1552,1.6989,26.9479,50.4979,18.3363,2.1675,0.3515,4.9209,44.4054,34.2121,12.1265,0.1172,4.2179,0.2929,3.1634,35.5009,51.3181,8.553,1.1716,1.4646,40.1289,25.952,20.1523,5.5067,6.7955,19.918,40.8905,39.1916,,10.5448,47.8032,41.1834,0.4687,38.8401,59.1095,2.0504,26.7233,8.6995,17.4331,18.0946,27.02,31.2764,1.9625,3.6614,59141.4542,2,02
2018,Baja california sur,0.3771,15551.8945,25963.0821,33202.2667,40945.1338,48851.7928,57538.3338,69149.1007,83922.9501,104070.348,198471.9614,0.784,9.9786,64.077,23.5923,1.5681,,33.1433,66.5004,0.3564,,0.3564,28.5816,67.6408,3.2787,,0.1426,0.4989,7.1989,10.1212,30.7199,26.087,25.0891,0.2851,0.784,23.7349,55.4526,16.6073,3.2074,0.2138,8.0542,18.3892,73.5567,,6.5574,24.8753,68.5674,,1.0691,30.0071,37.206,26.7997,4.2053,0.7128,0.0713,3.0649,77.4768,17.9615,1.4255,,0.7128,27.3699,40.7698,29.0805,1.9957,0.0713,0.2851,4.918,37.6336,48.6101,8.3393,0.2138,,22.3093,32.7869,27.1561,16.9636,0.784,14.3264,59.7292,25.9444,,3.35,44.191,52.459,,17.6764,82.1098,0.2138,24.3823,13.3286,17.793,22.2113,25.1439,50.6415,0.2994,0.3742,67766.6864,3,03
2018,Campeche,0.4297,8667.0477,14702.7594,19530.8692,24364.3724,29633.1732,35713.0354,44413.3459,57515.0231,77652.6756,152230.4399,0.1273,11.7123,59.0707,26.6709,2.4188,,26.0344,73.8383,,0.1273,0.3183,24.9523,59.6435,13.049,1.9096,0.1273,,5.0923,15.7861,47.613,7.8294,23.5519,0.1273,0.5729,21.7696,33.9274,37.9376,5.0923,0.7002,1.2731,4.0738,94.3985,0.2546,8.7206,17.4411,73.8383,,2.9917,31.4449,46.1489,16.6136,2.6098,0.191,0.4456,18.4596,65.7543,14.7677,0.5729,,3.119,22.8517,65.1814,7.0019,0.8275,1.0185,0.8912,5.2196,26.7346,61.6805,5.4742,,1.9096,33.5455,25.6525,31.1267,6.2381,1.5277,10.1209,26.0344,63.8447,,2.1006,7.9567,89.9427,,21.4513,78.0395,0.5092,27.2756,8.9354,15.5547,25.374,16.1631,51.8937,0.4201,0.7851,46442.2742,4,04
2018,Chiapas,0.4286,5223.1599,8677.9748,11340.2693,13831.7158,16628.7419,20086.3874,24763.3259,31625.7656,43955.7287,87557.7922,1.8879,14.4165,35.984,46.6819,1.0297,,34.3822,65.3318,,0.286,0.5149,31.865,42.6773,24.0847,0.6865,0.1716,0.4005,7.151,19.7941,15.7895,19.7368,36.8993,0.2288,4.0046,20.4233,38.8444,11.4989,25.1144,0.1144,8.4096,2.6316,88.9588,,14.4737,6.8078,78.7185,,4.2906,33.4668,33.1236,28.032,1.087,,2.2311,16.8192,41.5904,38.9016,0.4577,,3.2609,30.2059,39.4165,26.659,0.4577,,0.2288,3.4325,18.3066,70.8238,7.2082,,2.6888,32.4371,29.6911,31.7506,2.8604,0.5721,14.3593,44.9657,40.6751,,5.0915,46.5675,48.341,,32.9519,66.3616,0.6865,21.3911,17.9133,14.7836,23.0978,21.9768,41.8407,0.4291,0.3051,26369.0862,7,07
2018,Chihuahua,0.4137,10861.5191,18700.4283,24694.3219,30224.4318,36134.3084,42721.0493,51644.3432,62718.6363,85117.0524,177151.1221,3.7263,25.6775,47.8997,19.7154,2.981,,39.7696,60.2304,,,4.9458,40.0407,35.4336,13.4824,4.336,1.7615,0.3388,6.9783,11.7209,41.7344,10.9756,27.2358,1.0163,7.0461,30.6233,41.0569,11.9919,5.8266,3.4553,29.4715,,70.5285,,33.4011,,66.2602,0.3388,10.1626,40.9892,28.794,13.4146,5.0136,1.626,3.3875,29.607,48.5772,14.2954,3.9973,0.1355,10.5691,44.9187,27.8455,11.1789,3.8618,1.626,0.813,7.4526,40.3117,39.2954,11.7886,0.3388,5.4201,33.6043,26.6938,22.4932,8.5366,3.252,32.5881,20.664,46.748,,18.2249,36.9919,44.7832,,44.9864,53.4553,1.5583,26.8462,9.3072,17.6716,19.0803,30.5925,36.7378,1.1743,2.0156,53996.7213,8,08
2018,Coahuila de zaragoza,0.3911,12288.1876,20583.068,26797.5136,32439.5445,38562.9036,45338.224,54506.2037,66723.7404,89412.4968,168337.0127,3.5577,30.3846,49.2308,15.7692,1.0577,,55.3846,43.6538,,0.9615,6.5385,35.1923,41.0577,15.3365,1.6346,0.2404,1.2019,3.8462,26.2019,33.0769,14.0385,21.6346,,13.2692,26.5865,52.3077,5.4327,2.4038,,25.4808,18.3173,56.2019,,31.2981,15.4327,53.2692,,11.6827,37.4038,34.4712,14.1346,2.3077,,4.375,34.8077,47.1154,13.0288,0.6731,,13.4135,35.9615,36.4423,13.0288,1.0096,0.1442,,12.4038,49.5192,34.8558,3.2212,,3.4615,29.7115,37.2115,21.2981,8.0288,0.2885,26.25,45.0,28.75,,22.6923,45.5288,31.7788,,44.0385,55.9615,,28.2372,7.6262,23.2474,15.2945,31.7086,29.2849,0.1923,0.2885,55498.8895,5,05
2018,Colima,0.3882,11367.3387,19039.9196,24841.0211,30660.7621,37296.5398,44077.1575,53196.5516,65830.3935,87036.9584,153138.4635,1.2034,45.0662,21.6606,30.9266,1.1432,,38.929,60.8303,,0.2407,0.361,28.0385,42.5993,27.0156,1.9254,0.0602,,,2.6474,62.9964,19.7353,14.6209,,0.6619,22.9242,53.0084,21.8412,1.5644,,9.0253,24.3081,66.6667,,30.6258,23.225,46.1492,,1.5042,50.722,36.5223,10.9507,0.3008,,0.722,35.3189,36.4019,26.4741,1.083,,0.9025,53.7304,34.1757,10.6498,0.5415,,,3.4296,14.1396,58.6643,23.7665,,3.9711,30.8664,36.0409,24.6691,4.2118,0.2407,52.7677,24.9699,22.2623,,26.1733,36.2214,37.6053,,53.0084,46.9916,,26.4942,10.2587,18.6322,27.1811,30.0194,32.9422,0.0602,0.2407,52648.5106,6,06
2018,Distrito federal,0.4516,16310.9658,25355.3374,31645.2674,38535.6976,46037.4438,55848.9028,67729.9355,86761.1363,120430.0066,290385.9396,0.2362,2.2501,54.3635,40.8006,2.3496,,20.6116,74.3287,0.1367,4.9229,0.0746,8.1676,64.3461,25.8826,1.4918,0.0373,,0.5843,3.3814,18.3491,41.6087,35.9274,0.1492,0.1119,11.3998,34.7464,35.2188,18.3118,0.2113,0.721,2.9712,96.2705,0.0373,1.007,5.2213,93.7469,0.0249,0.4475,22.2526,51.6534,24.1298,1.2929,0.2238,0.1865,2.1009,55.5321,40.0423,2.1382,,0.7086,27.7598,45.823,24.3038,1.2059,0.1989,,0.3854,22.7499,68.635,8.2297,,0.9075,21.8175,36.9965,34.2491,5.4823,0.547,2.3496,52.8095,44.8409,,0.5719,26.094,73.3342,,18.7966,80.1467,1.0567,21.9429,17.0329,13.3081,28.7606,15.6725,44.5826,0.2451,0.3025,77904.0633,9,09
2018,Durango,0.3932,9565.6535,15857.8342,20329.5401,24615.9957,29928.6212,35833.0903,43875.6819,54245.5656,71652.0361,129213.6632,,16.9191,48.8773,31.9582,2.2454,,25.0131,74.9869,,,0.47,36.1358,54.9347,8.3551,0.1044,,,1.3577,7.3107,22.8721,39.4256,29.0339,,0.5222,30.3916,61.671,5.3786,2.0366,,12.2193,14.2559,73.5248,,15.3003,21.7755,62.9243,,1.7232,32.846,51.5405,12.7937,1.0966,,,17.4413,46.5274,35.1436,0.8877,,2.0888,39.0078,46.7885,11.6971,0.4178,,0.2089,2.9243,24.0209,70.0783,2.7676,,0.3655,39.6345,34.9347,24.0209,1.0444,,11.5927,54.1514,34.2559,,5.0131,46.4752,48.5117,,32.4804,67.5196,,30.376,12.03,18.4856,20.953,25.3706,43.8941,,,43511.7682,10,10
2018,Guanajuato,0.3814,9760.7363,16992.1801,22153.5589,27438.225,33048.1335,39079.3287,46683.4411,58158.4631,75176.9854,131262.1209,0.1494,16.587,50.8966,29.0795,3.2875,,25.523,73.4608,0.0598,0.9564,0.2391,12.4626,54.5427,30.006,1.584,1.1656,0.0598,0.8667,5.1405,17.3042,25.6426,50.6575,0.3288,0.8667,26.1805,53.5565,14.734,0.9564,3.7059,6.5152,7.2624,86.1327,0.0897,11.4166,6.4555,82.098,0.0299,1.2552,39.2409,28.153,20.7711,4.5129,6.0669,0.0598,18.2008,50.1195,29.199,2.4208,,1.1058,38.1949,31.6796,19.217,4.9611,4.8416,0.1793,6.9038,31.59,51.5541,9.6533,0.1195,0.0299,26.6587,23.8195,27.9438,13.0006,8.5475,15.4214,35.2361,49.3425,,8.8464,25.9414,65.2122,,19.2767,80.4543,0.269,22.9702,14.1811,14.6543,20.0986,17.6261,43.0199,1.7889,3.1754,45975.3173,11,11
2018,Guerrero,0.4281,5143.5093,8541.264,11828.3503,15027.6329,18844.0671,23037.3775,28846.4195,36639.2426,48817.862,91639.5848,,6.3664,42.042,30.2703,21.3213,,31.7117,68.2883,,,,7.3273,37.6577,24.3243,30.6907,,,0.1201,1.8018,21.5616,28.5285,47.988,,,4.5646,57.2973,23.8438,14.2943,,,5.8859,94.1141,,2.2823,10.2102,87.5075,,,17.3574,45.2252,32.6727,4.7447,,,1.8018,56.6366,40.0601,1.5015,,,14.1141,57.7177,26.8468,1.3213,,,0.1201,12.2523,52.3724,35.2553,,,19.5796,49.009,25.1652,6.2462,,3.3634,61.5015,35.1351,,,52.4324,47.5676,,5.4655,94.5345,,30.1577,19.8423,18.0931,25.9084,21.7838,56.3792,,,28836.531,12,12
2018,Hidalgo,0.4023,7563.4331,13546.8206,17897.199,21965.9212,26442.0361,31572.0919,38048.3138,46456.071,60986.1764,119915.0965,0.379,11.3698,63.6708,21.9816,2.5988,,32.5393,67.4607,,,0.758,14.889,65.3492,18.2999,0.7038,,,,4.0065,18.7331,50.5685,26.6919,,1.7867,7.5799,33.5138,50.7309,6.3887,,2.9237,10.4494,86.627,,10.8825,14.9432,74.1743,,2.1657,31.4564,45.804,18.8955,1.6784,,0.6497,15.2139,65.1868,16.4591,2.4905,,2.274,35.5712,46.5079,14.5642,1.0828,,,1.7325,38.928,51.0016,8.3378,,,15.3221,47.7531,33.3514,3.5734,,5.5225,34.3801,60.0975,,2.0574,31.3481,66.5945,,24.2555,75.7445,,26.6874,9.9689,18.8278,27.8357,19.2537,53.6468,,,38439.316,13,13
2018,Jalisco,0.395,13332.887,21824.0602,27824.884,33880.353,41143.9555,49114.912,58351.8417,71302.9479,94699.5007,183309.879,0.2827,11.4229,37.3992,48.8012,2.094,,23.5054,74.8403,0.1256,1.5286,0.0209,16.2496,45.88,30.6355,4.9314,2.2825,0.0314,0.335,3.4028,10.8575,25.6832,58.5593,1.1308,0.4607,15.1188,29.6199,19.956,29.7979,5.0466,2.963,5.6853,91.2575,0.0942,2.9735,6.2821,90.4827,0.2618,0.3665,23.6624,41.8176,31.5988,1.6019,0.9528,0.1047,10.3759,41.7443,45.5764,2.1987,,0.4293,24.1231,41.1685,30.8449,1.759,1.6752,,1.4135,23.5368,68.4326,6.5752,0.0419,0.0733,14.187,29.3791,43.9849,6.3449,6.0308,8.3866,42.6238,48.9268,0.0628,3.7692,21.7045,74.2017,0.3246,30.9182,62.4437,6.638,19.4081,20.5594,10.6871,26.454,16.2279,43.2253,1.3797,3.0625,59478.5221,14,14
2018,Mexico,0.3701,12460.8821,19330.6514,24345.0135,29265.3532,34224.4866,40218.2133,47179.951,57434.3086,74149.2548,140395.2917,0.0809,2.6422,53.3702,37.2338,6.673,,9.5848,87.2338,0.0539,3.1275,0.2831,7.2391,39.1076,47.4926,5.5136,0.364,0.1213,2.1704,14.1278,8.5333,16.0286,58.8029,0.2157,1.0245,5.0418,24.1709,26.1796,43.5023,0.0809,1.9682,2.5209,95.4974,0.0135,4.3678,4.7048,90.9275,,0.9032,16.5678,39.6872,21.0973,21.2052,0.5392,0.4179,4.1521,53.1949,31.7201,10.515,,1.1459,22.2971,38.0291,17.2418,21.003,0.2831,0.1348,0.9976,16.8644,63.6425,18.3607,,0.5392,16.0286,16.0825,29.6576,37.3955,0.2966,3.3432,22.7959,73.8474,0.0135,0.9437,15.031,83.9714,0.0539,8.9108,90.7118,0.3775,19.374,20.8361,8.1087,30.4125,9.2924,60.9244,0.2123,0.1977,47900.3406,15,15
2018,Michoacan de ocampo,0.3894,9676.0317,16188.6662,20663.7164,24848.802,29239.6622,34437.8142,41229.8804,50766.0241,65845.2867,130461.7146,,10.9806,58.9548,27.0112,3.0534,,25.6019,74.222,0.1762,,1.1744,29.2425,37.9331,26.835,4.815,,,3.4058,5.872,17.9096,16.2654,56.5473,,1.7616,13.0358,36.6412,17.0288,30.8867,0.6459,2.4662,7.3987,90.1351,,2.4075,7.5161,90.0763,,1.9378,37.4046,31.7675,23.4292,5.1086,0.3523,,12.4486,63.5349,20.7281,3.2883,,1.9378,37.5807,34.4099,19.7886,5.9307,0.3523,,7.1638,30.5344,51.791,10.5109,,1.879,29.0664,24.8972,28.5966,14.9736,0.5872,14.9149,29.4774,55.6078,,2.5837,33.1767,64.2396,,26.9524,72.8127,0.2349,29.0957,13.5423,15.4257,23.4953,16.9881,55.5239,0.2789,0.6166,42335.7599,16,16
2018,Morelos,0.3905,9713.2947,15855.36,19845.246,24104.5651,29340.9098,34920.516,41182.4888,50115.6952,65425.9012,129076.9576,1.3746,14.3348,43.5935,36.6225,4.0746,,22.8768,77.1232,,,0.7364,29.3569,45.1154,20.6186,3.6328,0.54,0.8346,8.1001,19.6367,25.2823,13.3039,32.646,0.1964,3.0928,19.4894,41.8753,14.5803,20.7658,0.1964,7.0692,10.3584,82.5724,,10.6038,13.8439,75.5523,,5.0074,35.0025,37.6534,18.2622,3.8783,0.1964,1.3746,15.3166,48.7482,31.0751,3.4855,,2.5037,36.0825,41.3353,15.9057,3.9764,0.1964,0.4418,6.1856,27.0005,53.4119,12.9602,,1.9637,28.2769,34.5115,26.0187,9.0329,0.1964,11.4875,28.1296,60.3829,,3.0437,32.7442,64.2121,,25.8714,74.1286,,23.5272,14.66,15.9507,21.9195,18.5567,54.6672,0.3109,0.1964,41958.0934,17,17
2018,Nayarit,0.4007,9304.2886,16554.258,21447.7658,26825.1803,32649.6165,39760.775,48074.8855,58544.5313,76460.6439,144332.3997,1.6706,25.5967,31.6229,36.7542,4.3556,,40.8115,58.7112,0.179,0.2983,2.327,35.4415,34.7852,24.7017,1.432,1.3126,0.2387,10.0239,18.1981,21.3007,22.494,27.0883,0.6563,4.4749,32.3986,27.9833,22.4344,11.0979,1.611,19.9881,4.4749,75.0597,0.4773,25.0597,4.1766,70.4654,0.2983,6.4439,47.0167,15.0358,23.3294,6.6826,1.4916,0.6563,27.864,27.9833,40.7518,2.7446,,4.6539,46.2411,17.1241,24.9403,5.6683,1.3723,0.4773,6.2649,20.2864,61.9332,10.5609,0.4773,2.2673,40.3938,14.7375,26.6706,14.4391,1.4916,22.9714,29.2363,47.7924,,13.6635,33.0549,52.9833,0.2983,46.7184,51.253,2.0286,20.9924,18.1533,14.8121,23.8663,24.0545,34.7255,0.9323,1.0591,47395.4345,18,18
2018,Nuevo leon,0.3967,15733.3183,25251.1465,31458.1377,38051.9881,45159.7252,52933.123,62900.7652,75801.4476,98030.8449,214866.3209,1.4398,18.3901,52.0397,27.0833,1.0035,0.0436,30.8464,69.0009,0.0109,0.1418,0.8617,23.4402,63.4271,10.853,0.9271,0.4908,0.1418,3.9049,16.8194,37.6963,6.5772,34.4023,0.4581,5.0611,25.4036,51.5598,14.6161,2.2906,1.0689,12.26,11.4965,76.2325,0.0109,15.445,9.5877,74.8909,0.0764,2.9777,33.377,44.3499,16.8848,1.178,1.2325,1.4289,19.1318,57.1335,21.6623,0.6108,0.0327,3.1195,33.3551,46.0406,15.6523,0.8508,0.9817,0.24,8.4206,33.9114,54.0358,3.3377,0.0545,1.3089,25.709,35.7766,31.7517,3.2177,2.236,17.8774,34.9913,47.0659,0.0654,8.0061,44.3717,47.5785,0.0436,29.5593,70.1025,0.3381,26.0653,10.6157,17.3547,19.1904,23.2439,35.7754,0.3024,0.9544,66018.6817,19,19
2018,Oaxaca,0.4563,5305.31,8877.2619,12017.6705,15435.2637,19112.9736,23575.4205,29484.5461,38116.0256,53037.349,110709.577,0.2119,12.2881,55.2436,30.8792,1.3771,,29.2373,70.4979,0.2648,,0.7415,30.9322,52.9661,13.8242,1.3771,0.1589,0.7945,7.6801,22.2987,16.4195,31.5148,21.1335,0.1589,1.6949,23.1462,50.0,14.7246,10.2754,0.1589,2.1186,4.714,93.1674,,13.0297,7.3093,79.661,,2.2246,36.8644,45.2331,13.5593,2.1186,,0.3178,17.0021,56.1441,24.4703,2.0657,,1.7479,40.1483,43.5381,12.8178,1.536,0.2119,,5.0847,34.375,53.8665,6.6737,,0.5297,31.8326,35.5403,23.5169,6.9386,1.6419,11.1758,32.3093,56.5148,,4.0254,26.2712,69.7034,,25.7415,73.9936,0.2648,25.9137,11.103,19.3615,20.4913,18.5055,54.1541,0.2251,0.6532,31567.1398,20,20
2018,Puebla,0.3785,9126.1358,15034.1854,19007.7653,23324.3569,27418.525,32562.8744,38393.2271,47072.1459,60512.2259,114328.0508,0.5442,8.8435,55.9637,33.1066,1.542,,29.932,62.8118,0.2721,6.9841,0.9524,23.0839,54.966,18.2313,1.9955,0.771,,3.0385,8.1633,12.7438,39.1383,36.78,0.1361,0.5442,26.0771,48.8889,17.7324,6.3492,0.4082,4.3991,4.1723,91.4286,,5.034,6.6667,88.2993,,2.0862,18.9569,58.0045,15.9184,4.1723,0.8617,0.6803,9.5238,67.1655,21.9501,0.6803,,2.3129,30.2494,50.6576,13.8322,2.5397,0.4082,0.1814,1.3152,32.1088,60.907,5.2608,0.2268,0.5896,24.7619,37.8685,21.3152,13.3787,2.0862,9.5692,50.2948,40.1361,,2.449,36.5533,60.9977,,20.7256,78.6395,0.6349,25.4157,11.7177,16.6852,22.1032,19.1383,45.1531,0.5896,0.7143,38677.9492,21,21
2018,Queretaro de arteaga,0.3996,13353.9607,22001.4949,28095.8487,34148.7927,41226.5907,50019.1275,59865.3961,74214.552,98900.6388,187366.5617,0.5065,18.5706,52.7293,27.4057,0.7878,,32.2454,67.6984,,0.0563,1.0129,26.1677,58.7507,13.2808,0.3939,0.3939,0.1688,3.8829,11.6488,50.4783,0.7316,32.9769,0.1125,3.2077,23.4102,53.4046,12.1553,7.3157,0.5065,8.0473,2.4761,89.3078,0.1688,6.753,2.8137,90.4333,,0.9004,36.2971,46.1452,14.8002,0.9567,0.9004,1.0129,18.5144,59.5385,20.8779,0.0563,,1.632,35.6781,51.3787,10.6359,0.5065,0.1688,0.0563,5.4586,36.2409,52.3917,5.6837,0.1688,0.7316,23.0726,44.6258,23.9167,5.6837,1.9696,21.2155,18.6269,60.1576,,8.61,41.6995,49.6905,,35.8469,63.7029,0.4502,26.9086,9.5034,17.1591,19.7946,20.3281,43.036,0.4164,0.6894,60919.2964,22,22
2018,Quintana roo,0.3702,12501.6417,20729.8672,27482.2651,34021.8717,40711.5225,48153.9665,57798.1113,71677.4576,92744.4392,151134.8673,2.9557,27.5246,48.2143,19.766,1.5394,,47.6601,52.3399,,,4.6182,45.4433,31.9581,16.8719,1.1084,,2.0936,14.2241,28.6946,28.202,1.7857,25.0,,22.1059,34.7291,29.1256,6.4039,7.6355,,24.9384,8.1897,66.8719,,28.9409,11.4532,59.6059,,9.1133,47.968,32.0197,8.8054,2.0936,,2.6478,30.4187,47.5985,17.6108,1.7241,,7.8818,51.4778,29.4335,10.0369,1.17,,0.3695,8.6823,32.697,54.4335,3.8177,,2.8941,43.6576,19.7044,22.4138,11.33,,32.5123,24.7537,42.734,,10.3448,37.0074,52.6478,,48.6453,51.3547,,28.1045,7.8433,19.9148,17.0028,27.4204,40.5612,,,55695.601,23,23
2018,San luis potosi,0.4211,8107.1467,14133.0407,19455.5684,24674.8472,30619.1263,37819.2805,47221.1694,58312.6158,75835.4423,145397.6469,0.7395,26.7349,50.6257,21.3311,0.5688,,39.3629,60.1251,0.2275,0.2844,2.3891,24.5165,66.4391,6.314,,0.3413,,1.7065,5.4039,26.9056,21.1604,44.653,0.1706,1.3083,36.0637,51.0239,11.3197,0.2844,,17.6337,10.9215,71.2742,0.1706,15.4152,15.529,68.8851,0.1706,3.7543,38.1115,36.405,20.0228,1.7065,,1.5358,28.0432,49.9431,20.4778,,,4.8919,37.2014,36.0068,20.1934,1.7065,,0.2844,8.4187,40.3299,48.1797,2.7873,,1.3652,26.5074,34.1297,30.2048,7.5085,0.2844,22.0137,41.1832,36.8032,,16.5529,43.2309,40.2162,,30.4323,67.4061,2.1615,26.1661,12.2867,18.7765,18.5438,26.5862,35.3242,0.6143,0.2275,46157.5884,24,24
2018,Sinaloa,0.4013,12544.3412,20177.7104,25755.6351,31212.3353,36973.6639,43364.2044,51480.3544,64101.9461,84579.3024,175674.1857,0.5084,22.4199,33.757,38.9934,4.3213,,27.7072,71.3777,,0.9151,0.6609,18.4545,57.9054,22.8266,0.1525,,,1.881,3.8129,10.727,29.9949,53.5841,,0.5084,10.2694,63.4977,25.1144,0.6101,,3.5587,15.9126,80.5287,,6.1007,5.8973,88.002,,2.1861,23.6401,52.9232,18.4545,2.7961,,1.0168,16.5735,51.1439,27.6055,3.6604,,1.8302,21.6065,61.6675,13.6756,1.2201,,,4.2705,19.2679,57.8546,18.607,,1.271,21.1998,43.0605,25.877,8.5918,,15.2517,38.3833,46.365,,5.5414,46.2633,48.1952,,41.7895,58.2105,,24.1061,13.8409,16.9039,22.1721,21.802,41.0714,,,54586.3679,25,25
2018,Sonora,0.4078,12093.2347,21059.3158,26983.936,33137.7622,39713.8685,47995.8663,57419.7135,72644.8348,97136.9982,187063.5383,2.7267,30.1719,47.0065,19.2057,0.8892,,38.8263,60.818,,0.3557,4.3272,32.4244,51.4523,11.7368,0.0593,,,0.652,14.1079,32.543,17.4867,35.2104,,1.8376,30.409,51.6894,13.4558,2.6082,,27.9787,9.5436,62.4778,,37.2258,8.358,54.4161,,6.8761,48.4884,30.2312,10.7291,3.6752,,1.6598,24.4221,64.8488,8.358,0.7113,,5.2756,48.7255,35.5661,10.3734,0.0593,,0.0593,6.1055,40.3082,51.0373,2.4896,,1.4819,37.6408,32.6023,22.703,5.572,,34.3213,27.4452,38.2336,,21.3989,38.8856,39.7155,,44.4576,55.5424,,28.8332,6.7501,19.7176,18.487,28.9727,33.6174,,,59524.9068,26,26
2018,Tabasco,0.4198,8144.2672,13282.8023,17073.1264,20809.8168,25318.2607,30719.4265,37025.4801,46777.6543,64897.6028,127218.3058,,4.8946,60.0272,30.9313,4.1468,,11.0129,88.7831,0.2039,,,5.9143,80.2175,11.0809,2.7872,,,1.6995,25.7648,12.9844,7.6818,51.8695,,1.8355,7.8858,45.0034,10.877,33.8545,0.5438,1.6315,1.2916,97.0768,,1.8355,0.8838,97.2808,,0.9517,16.4514,63.0184,15.7036,2.9912,0.8838,0.9517,4.2828,61.2508,30.8634,2.6513,,1.7675,18.1509,65.1258,10.1971,4.0109,0.7478,,0.3399,14.4799,54.9966,30.1835,,1.6995,23.9973,46.0911,18.4908,8.8375,0.8838,1.4956,26.9205,71.584,,0.3399,8.9735,90.6866,,12.6445,87.0836,0.2719,26.9884,12.6869,16.8797,22.2383,12.7634,64.1546,0.5269,0.7138,39126.6743,27,27
2018,Tamaulipas,0.4211,9922.9371,16503.3578,21349.0312,26284.727,31513.4966,38269.6571,45948.1707,57039.4646,74567.6191,163430.9314,0.2511,14.3754,34.0239,47.4576,3.892,,27.6836,71.6259,0.1883,0.5022,1.0044,36.7859,37.6648,23.2894,1.1927,0.0628,,5.3358,9.2906,43.1262,23.7288,18.2046,0.3139,1.5066,23.0383,34.9027,39.2969,1.2555,,2.5738,9.4162,88.01,,2.2599,10.7345,87.0056,,1.6949,45.1977,39.2969,12.4922,1.2555,0.0628,0.8161,20.7156,33.71,42.1846,2.5738,,4.2059,47.5832,35.4677,11.2994,1.381,0.0628,,6.4658,21.72,59.4476,12.3666,,2.511,35.9071,34.2122,22.5361,4.457,0.3766,9.8556,52.8562,37.2881,,4.3942,27.2442,68.3616,,18.0163,81.9837,,23.1115,15.317,17.489,25.7768,18.4992,46.5317,0.0942,0.3453,48482.9392,28,28
2018,Tlaxcala,0.3553,10286.3383,16743.4488,21142.6296,25026.2671,29387.6572,34332.2356,40611.5026,49042.3382,64663.7234,108546.1654,0.8244,13.1262,46.0368,33.0374,6.8484,0.1268,26.8231,71.655,,1.5219,0.4439,29.4864,40.6468,19.2137,5.3266,4.8827,0.6341,6.0875,21.2429,21.5599,10.5263,38.4274,1.5219,1.9658,20.6722,41.9784,15.4724,14.5212,5.39,7.7362,9.5117,82.3082,0.4439,17.1211,14.3944,67.4699,1.0146,1.8389,39.8859,18.0723,20.8624,6.0241,13.3164,0.6341,14.6481,49.1439,30.6912,4.8827,,1.1414,43.5637,26.4426,14.3944,6.4046,8.0533,,4.1852,25.9987,54.6607,14.4578,0.6975,0.3805,32.7838,20.4185,22.5111,12.6823,11.2238,16.6138,19.721,63.475,0.1902,9.3215,21.7502,68.7381,0.1902,18.1991,78.6303,3.1706,21.2799,15.3932,16.0316,20.799,17.8284,43.5426,3.4876,4.7083,39978.2306,29,29
2018,Veracruz de ignacio de la llave,0.405,6396.7763,10893.5558,14449.2318,18333.6691,22208.079,26696.8675,32195.7206,39747.0249,52812.0296,99393.3357,0.2125,12.0616,56.9075,30.2338,0.5845,,27.6302,72.3698,,,1.3815,24.8672,56.0043,17.2689,0.4251,0.0531,,2.1785,12.4336,31.2434,23.0606,31.084,,0.1594,23.2731,51.4346,23.6982,1.4346,,1.5409,4.5696,93.8895,,5.101,14.7715,80.1275,,3.8257,39.3199,38.1509,17.0032,1.5409,0.1594,0.0531,13.2837,58.0765,27.949,0.6376,,3.4006,39.1073,39.2667,17.1095,0.9564,0.1594,,1.9129,35.6536,54.8353,7.5983,,1.0096,38.4697,27.2582,28.2147,4.8353,0.2125,8.8735,38.3103,52.7099,0.1063,3.8257,30.2869,65.8874,,17.1626,82.678,0.1594,25.3055,12.0019,19.3783,21.865,18.025,55.0326,0.1275,0.2125,32312.629,30,30
2018,Yucatan,0.4173,10052.3447,16810.1326,22242.9359,26902.1245,32140.1573,38145.3396,45693.9562,57132.8414,76083.5317,163114.8682,0.8144,17.0448,62.1291,19.9535,0.0582,,27.7487,71.4951,0.2909,0.4654,0.2909,21.9895,62.7109,10.3549,0.1163,4.5375,,0.9889,7.6789,25.8871,8.0861,55.8464,1.5125,0.7563,19.3717,54.8575,16.7539,3.1995,5.0611,2.1524,9.4241,87.4346,0.9889,3.2577,13.2635,81.8499,1.6289,1.5707,37.8709,45.8406,7.5625,0.5236,6.6318,0.2909,16.0558,68.2373,15.0669,0.0582,0.2909,1.2798,37.8127,50.0873,7.2135,,3.6067,,3.5486,28.9703,66.2595,0.2909,0.9308,1.1053,24.6073,33.7405,20.0116,9.2496,11.2856,10.1803,56.8935,32.9261,,4.5375,40.954,53.4031,1.1053,18.8482,70.6225,10.5294,28.2529,7.2052,17.5625,18.7173,20.9424,36.4941,3.29,4.6975,48831.8232,31,31
2018,Zacatecas,0.3993,8192.4955,13798.3117,17787.1347,21735.4003,25862.3779,30820.1694,36745.4368,45694.5786,60681.5149,118071.6553,1.5436,14.9664,42.6846,33.4228,7.2483,0.1342,20.5369,78.0537,0.5369,0.8725,2.6846,24.4966,32.5503,25.5705,10.0,4.698,1.2752,2.8859,16.8456,27.7181,11.3423,35.9732,3.9597,6.6443,14.5638,42.4832,14.094,15.906,6.3087,6.8456,11.0067,82.0805,0.0671,9.5973,9.3289,81.0738,,6.5101,27.1141,35.5034,17.1141,6.5772,7.1812,1.6779,13.9597,48.3221,31.4094,4.1611,0.4698,5.9732,27.9195,35.302,15.906,6.0403,8.8591,1.2081,4.6309,23.7584,48.9262,20.3356,1.1409,2.8188,23.9597,23.557,26.0403,13.6913,9.9329,14.8993,19.9329,65.1678,,8.3893,21.6779,69.6644,0.2685,27.2483,70.1342,2.6174,21.7897,15.2349,13.7192,22.2567,16.0919,50.193,2.7591,5.3356,37938.9075,32,32
2020,Aguascalientes,0.3772,12962.6577,22018.0063,29029.7172,34936.6154,41695.3377,49388.4875,59041.3949,72230.9244,94279.0895,166477.281,1.244,5.8742,46.0263,43.8839,2.9717,,9.0532,89.9793,,0.9675,,8.0166,26.745,64.962,0.2764,,,,0.3455,22.944,2.3497,74.3607,,0.4838,15.4112,26.5377,38.2861,19.2813,,4.2847,2.6261,93.0891,,3.179,2.4188,94.4022,,,36.5584,37.3877,26.0539,,,0.2764,7.8784,59.2951,32.1355,0.4147,,0.2764,42.1562,32.8265,24.3953,0.3455,,,1.5204,7.5328,83.8977,7.0491,,,8.8459,23.4278,52.0387,15.6876,,7.8784,20.6634,71.4582,,,9.8134,90.1866,,8.0166,91.9834,,24.5272,18.6001,10.5131,30.1918,9.3359,62.8628,,,58205.9512,1,01
2020,Baja california,0.3864,14714.8463,25028.0661,32270.7943,39374.8157,46549.5243,54450.3783,64926.5515,79546.1878,103527.56,200259.1786,0.4713,13.4779,57.5872,27.05,1.4138,,36.3808,59.9434,0.2828,3.393,1.6965,25.5419,62.771,7.8228,1.131,1.0368,,1.9793,15.8341,39.6795,20.4524,21.6777,0.377,5.7493,36.6635,35.9095,15.1744,4.524,1.9793,6.9746,10.5561,82.4694,,17.8134,11.4043,70.7823,,0.754,41.4703,37.8888,15.3629,0.754,3.77,0.1885,16.2111,56.8332,26.0132,0.1885,0.5655,1.2253,48.7276,36.3808,7.9171,0.5655,5.1838,2.639,17.0594,35.8153,42.2243,1.4138,0.8483,3.016,39.0198,34.967,18.0961,1.2253,3.6758,15.8341,33.2705,50.8011,0.0943,9.2366,36.7578,53.9114,0.0943,26.2017,71.3478,2.4505,25.9347,9.9081,20.7866,17.8487,22.6492,41.3525,1.6847,1.7201,66064.7903,2,02
2020,Baja california sur,0.385,13468.4219,24115.546,31058.5482,37899.4408,45096.4321,53273.474,64300.0073,79123.5914,102782.1575,187945.805,0.6098,7.561,60.0,30.9756,0.8537,,34.5122,65.4878,,,0.4878,31.5854,65.7317,2.1951,,,,0.6098,12.3171,40.122,14.7561,32.1951,,0.4878,25.0,42.0732,28.1707,4.2683,,6.9512,12.8049,79.3902,0.8537,7.6829,29.0244,63.2927,,0.9756,30.0,42.3171,25.4878,1.2195,,0.6098,3.2927,65.4878,30.0,0.6098,,0.4878,19.3902,50.4878,27.8049,1.8293,,,2.8049,26.0976,53.6585,16.4634,0.9756,0.2439,21.7073,30.6098,33.0488,14.1463,0.2439,14.2683,67.9268,17.8049,,2.439,60.0,37.561,,15.6098,84.0244,0.3659,23.435,14.8476,16.1951,25.5793,26.848,47.7439,0.6098,0.6098,63906.3424,3,03
2020,Campeche,0.4304,8791.3103,15067.6631,19878.8377,24403.2814,29852.2024,36423.7231,44506.062,57487.3628,79720.49,154347.4035,1.6073,23.3065,40.8726,30.1952,4.0184,,26.5212,73.3639,,0.1148,1.4925,37.5431,41.5614,16.8772,2.1814,0.3444,0.8037,5.8553,15.9587,48.9093,6.8886,21.3548,0.2296,2.8703,34.3284,24.7991,28.0138,9.4145,0.5741,10.2181,7.1183,82.6636,,19.8622,13.0884,67.0494,,8.1515,39.8393,32.8358,15.3846,2.7555,1.0333,1.3777,24.4546,49.0241,24.225,0.9185,,5.3961,40.7577,39.2652,12.8588,0.9185,0.8037,1.837,14.9254,26.1768,50.9759,6.085,,3.3295,33.4099,29.0471,27.4397,6.4294,0.3444,26.9805,19.977,53.0425,,6.659,25.6028,67.7382,,25.1435,74.6269,0.2296,25.5741,11.4093,16.1117,23.0195,20.136,46.3261,0.6028,0.3827,47047.8336,4,04
2020,Chiapas,0.4106,6855.0491,10177.4717,12977.9949,15854.6724,19190.4312,22730.0309,27618.4888,34150.1869,46534.3829,94184.9934,1.6393,16.3024,34.2441,43.3515,4.4627,,27.9599,71.6758,,0.3643,1.5483,35.2459,39.6175,21.3115,0.9107,1.3661,,2.8233,21.7668,22.4954,20.5829,32.1494,0.1821,3.1876,20.4007,40.7104,13.2969,21.6758,0.7286,12.8415,1.3661,85.7923,,16.0291,4.7359,79.235,,2.9144,36.3388,31.694,25.7741,2.5501,0.7286,1.8215,20.0364,39.5264,35.0638,3.5519,,4.3716,34.9727,36.4299,20.9472,2.5501,0.7286,1.4572,11.02,20.674,62.1129,4.7359,,3.0965,34.8816,31.1475,25.2277,4.3716,1.275,11.9308,39.7086,48.3607,,2.9144,41.9854,55.1002,,25.1366,74.4991,0.3643,21.691,17.2814,17.3787,21.8124,20.0785,44.7518,0.7969,0.7286,29027.3702,7,07
2020,Chihuahua,0.4111,11717.7768,20748.9291,27013.9162,33221.6272,39754.487,46923.6452,56546.1854,69851.9365,92012.8794,192123.9584,0.9646,14.2551,53.9121,26.5809,4.2872,,32.1543,67.8457,,,3.0011,29.2605,36.4416,28.1886,2.358,0.7503,,2.6795,10.5038,35.0482,6.538,45.2304,,0.2144,24.866,25.0804,42.8725,5.4662,1.5005,18.5423,,81.1361,0.3215,25.7235,1.3934,72.6688,0.2144,3.537,35.5841,31.6184,21.329,3.9657,3.9657,2.4652,18.5423,49.6249,23.2583,5.4662,0.6431,6.538,34.5123,35.0482,18.4352,3.0011,2.4652,0.6431,12.0043,29.0461,49.6249,8.5745,0.1072,2.7867,29.582,23.1511,29.6892,12.3258,2.4652,21.9721,25.1876,52.8403,,9.0032,28.403,62.4866,0.1072,27.3312,71.3826,1.2862,23.8835,13.2905,14.5961,23.7674,21.5345,45.8065,1.2192,1.3576,58991.5341,8,08
2020,Coahuila de zaragoza,0.3794,12671.0001,20574.9915,26654.164,32953.7586,39692.7405,47442.3377,56570.4572,69112.773,90097.9815,158819.9625,1.5548,15.9717,50.1767,30.9541,1.3428,,46.0777,51.1661,,2.7562,3.6042,33.6396,39.364,22.6855,0.7067,,0.5654,2.1201,22.9682,35.9011,15.9011,22.5442,,9.5406,22.0495,44.1696,16.8905,7.3498,,16.0424,14.6996,69.258,,25.0883,14.5583,60.3534,,5.7244,38.1625,35.1943,20.1413,0.7774,,2.1201,17.9505,54.6996,24.8057,0.424,,6.3604,36.9611,37.6678,18.5159,0.4947,,1.2721,11.5194,37.8092,46.9258,2.4735,,1.7668,37.0318,31.1661,24.4523,5.583,,13.6396,48.6219,37.7385,,9.258,40.212,50.53,,32.5088,67.4912,,25.212,12.182,18.4982,19.4346,25.9473,37.7915,,,55459.0167,5,05
2020,Colima,0.3714,13019.3908,21381.6389,27827.6589,33872.2025,40858.8689,49186.2348,58404.7699,69822.9096,87413.8627,159257.1271,1.0922,41.2621,28.3981,23.665,5.5825,,38.835,59.5874,0.2427,1.335,0.3641,28.3981,45.5097,19.4175,6.068,0.2427,,,3.8835,59.2233,16.6262,20.267,,0.3641,17.5971,53.3981,23.301,5.2184,0.1214,4.6117,24.7573,70.6311,,10.4369,34.466,55.0971,,,57.8883,35.0728,6.068,0.9709,,0.8495,29.733,43.3252,20.6311,5.4612,,,57.4029,34.1019,7.1602,1.335,,,2.6699,16.9903,55.4612,24.8786,,0.7282,36.8932,41.0194,18.3252,3.034,,50.9709,26.8204,22.2087,,20.7524,48.5437,30.7039,,43.8107,55.9466,0.2427,32.9126,8.8592,19.2826,25.7585,29.0982,33.2373,0.2427,0.1214,56104.4664,6,06
2020,Distrito federal,0.3917,15107.9835,23725.6924,30207.3313,37771.1905,46789.5666,56022.7787,68041.078,83930.8742,110157.183,196167.3542,0.058,1.606,44.7175,50.1354,3.483,,16.7763,78.0573,,5.1664,0.0967,2.4961,59.1138,34.5395,3.5604,0.1935,,,2.2059,11.6293,43.4017,42.7632,,0.1741,10.952,21.3235,34.7523,32.5271,0.2709,0.8127,2.4381,96.7492,,1.0642,3.5604,95.3754,,0.1548,20.6269,51.2964,25.2128,2.4381,0.2709,0.0967,1.606,45.4721,49.4002,3.4249,,0.2322,24.1873,45.6656,27.3413,2.3026,0.2709,,0.5998,23.7616,65.0542,10.5844,,,19.4853,39.822,31.4628,9.0751,0.1548,1.2771,44.582,54.1409,,0.5998,20.5882,78.7539,0.058,10.9133,88.4288,0.6579,19.6433,20.4673,14.7905,29.8109,12.6399,54.9245,0.2902,0.2128,66792.1032,9,09
2020,Durango,0.3872,10794.5934,17444.6835,22329.2587,27837.5134,33340.3514,39284.5407,46868.1763,57429.1253,74746.0331,141575.9519,,4.9837,53.268,38.7255,3.0229,,25.8987,74.1013,,,,28.6765,58.8235,12.5,,,,0.1634,10.7026,11.9281,42.7288,34.4771,,0.3268,37.0915,47.7941,11.4379,3.3497,,6.9444,11.9281,81.1275,,7.7614,16.6667,75.5719,,0.2451,34.7222,48.7745,15.5229,0.3268,0.4085,,4.7386,50.1634,40.6863,4.4118,,0.2451,46.4869,40.9314,11.9281,,0.4085,,2.2876,38.8889,48.5294,10.2941,,1.3072,41.585,43.219,12.3366,1.5523,,5.6373,58.9052,35.4575,,1.2255,48.2843,50.4902,,25.6536,74.3464,,28.4559,16.3749,22.3366,17.7696,24.7004,54.6705,0.4085,,47165.0228,10,10
2020,Guanajuato,0.3707,11181.7199,18617.6292,24269.7385,29485.9263,35042.292,41432.2503,49267.2506,60365.7399,78734.4535,134886.3162,0.4621,12.1072,32.024,40.2495,15.1571,,19.1312,78.9741,,1.8946,0.0462,11.6451,39.695,39.8799,6.3309,2.403,0.1386,,2.3105,15.2957,23.8909,58.1331,0.2311,0.4621,19.2699,33.8725,30.3142,11.6451,4.4362,6.4233,7.7634,85.8133,,10.3974,9.9353,79.5749,0.0924,1.1091,35.1664,32.2089,18.2994,9.3346,3.8817,0.3235,11.5527,34.7043,41.8207,11.5989,,0.5083,36.5989,33.6876,17.5601,9.2421,2.403,,4.7135,15.9427,49.9538,29.39,,0.6932,22.0887,24.6765,27.403,23.0591,2.0795,8.6414,21.8577,69.5009,,3.5582,18.1608,78.281,,15.6192,84.0573,0.3235,19.2044,20.4078,12.4168,26.369,13.298,49.4249,1.8207,2.2489,48328.3316,11,11
2020,Guerrero,0.4071,7118.7376,11321.7526,14467.7178,17705.7623,21292.7098,25999.7625,31904.03,40323.463,54184.5555,100124.207,,12.8277,25.3745,40.6367,21.161,,21.0674,78.9326,,,,10.8614,33.2397,28.7453,27.1536,,,,0.1873,8.5206,32.7715,58.5206,,,27.3408,40.0749,21.6292,10.9551,,0.6554,0.5618,98.7828,,4.7753,7.2097,88.015,,,10.8614,42.0412,42.603,4.4944,,,9.8315,47.6592,41.573,0.9363,,,18.1648,55.0562,25.0936,1.6854,,,19.7566,53.6517,25.7491,0.8427,,,31.1798,50.6554,18.1648,,,13.764,36.1423,50.0936,,4.3071,38.4831,57.2097,,3.9326,96.0674,,27.7271,22.2729,31.8352,16.9476,14.5833,62.4264,,,32444.2698,12,12
2020,Hidalgo,0.3735,9562.5298,15370.0897,20049.2901,24193.038,28390.1428,33756.0703,40337.718,49179.0508,65118.8782,113444.164,1.9091,8.2727,49.0909,31.0909,9.6364,,30.7273,58.0909,0.3636,10.8182,1.0,24.1818,51.7273,19.1818,3.0909,0.8182,0.0909,1.8182,10.5455,31.3636,30.4545,25.3636,0.3636,1.8182,19.2727,39.4545,30.6364,8.0,0.8182,3.8182,7.0909,89.0909,,6.0,6.7273,87.2727,,3.2727,34.5455,46.3636,13.6364,1.0909,1.0909,0.8182,13.0909,51.3636,29.0,5.3636,0.3636,2.9091,35.4545,49.1818,10.4545,1.3636,0.6364,0.3636,6.3636,36.2727,45.0909,11.9091,,1.4545,28.6364,38.8182,23.2727,5.9091,1.9091,4.6364,39.2727,56.0909,,2.2727,35.3636,62.3636,,30.0,68.2727,1.7273,24.6894,12.7045,15.4091,23.3295,18.6783,45.875,0.8333,1.0303,39940.0972,13,13
2020,Jalisco,0.3581,14992.835,22611.6168,28555.4271,34249.8111,40305.1281,47138.2309,55877.169,67881.5219,87008.662,152834.9446,0.4307,11.7925,34.2904,50.0615,3.4249,,19.6883,76.9073,0.3076,3.0968,1.6407,18.4372,43.6628,29.5734,4.3273,2.3585,0.1231,0.9844,10.1313,16.8786,27.297,44.4832,0.1025,2.3585,14.1304,29.5734,17.1452,29.0402,7.7523,3.8146,5.0656,90.8326,0.2871,4.2453,6.3987,89.0484,0.3076,2.0098,27.3175,33.1829,33.6751,2.4815,1.3331,0.4717,11.813,38.8228,46.8007,2.0919,,2.7482,28.8351,31.4397,32.2806,2.379,2.3175,0.2256,7.3011,28.4454,58.6341,5.1272,0.2666,1.0254,22.1083,28.8761,39.9098,4.5939,3.4865,8.9418,31.0295,59.9467,0.082,4.0812,28.5685,67.2067,0.1436,26.9893,67.904,5.1066,18.5962,21.6494,12.1069,24.8282,15.5818,44.4558,1.3604,2.902,55145.5346,14,14
2020,Mexico,0.3946,10623.0194,18015.3774,23430.0617,28040.4459,33365.8786,38859.9816,46201.69,57054.9086,74488.5723,151401.1963,0.6631,8.5692,56.2612,31.2165,3.29,,18.3117,78.4749,0.7906,2.4229,0.4846,15.2512,34.4045,45.0905,3.0094,1.7598,0.6121,1.9638,13.976,25.3252,16.5519,40.8569,0.7141,2.8309,10.7371,32.3897,22.8258,30.0179,1.1987,3.0604,7.9572,88.8549,0.1275,7.7276,9.9719,82.0964,0.204,1.2242,32.1347,39.2247,22.2902,3.4175,1.7087,0.5866,8.4927,59.5001,29.3803,1.9383,0.102,2.3463,32.9763,39.3522,19.8164,3.698,1.8108,0.4336,5.6618,32.1092,56.0061,5.5853,0.204,1.6067,22.9278,24.2285,32.1857,18.0311,1.0201,9.7679,23.7694,66.1056,0.3571,2.1168,27.0849,69.8036,0.9946,16.9855,81.7394,1.2752,23.4443,14.3809,12.4564,25.8161,13.6072,48.4117,0.913,0.7842,48148.1132,15,15
2020,Michoacan de ocampo,0.3808,11130.4403,17640.9488,22549.8684,27794.0554,32870.4549,38664.9783,46394.1576,56571.7721,72384.2542,137538.2492,0.5618,10.0187,47.8464,32.8652,8.7079,,34.176,65.824,,,3.6517,28.7453,33.7079,27.5281,6.367,,,0.6554,2.809,26.4981,17.2285,52.0599,0.7491,0.7491,7.9588,25.2809,21.2547,44.5693,0.1873,5.7116,6.367,87.9213,,8.9888,6.367,84.6442,,1.2172,30.5243,30.5243,30.618,7.0225,0.0936,,11.7978,52.2472,27.5281,8.427,,0.3745,38.1086,33.1461,20.6929,7.5843,0.0936,,6.0861,24.2509,51.4045,18.2584,,0.7491,17.5094,25.7491,35.0187,20.8801,0.0936,19.8502,26.779,53.3708,,5.8052,30.3371,63.8577,,23.6891,76.3109,,23.3061,17.9307,11.1798,29.389,18.0135,54.4543,0.0936,0.3433,46353.9179,16,16
2020,Morelos,0.3903,9308.63,15371.8823,19942.528,24500.066,29260.4035,34858.7354,41793.8477,51144.9017,66312.8681,126814.8121,2.2456,17.6842,41.8947,32.7719,5.4035,,30.0351,65.8947,,4.0702,2.5263,33.6842,37.0526,21.1228,4.3509,1.2632,0.6316,4.0702,15.6491,40.2807,11.7193,27.6491,,2.807,19.4386,33.8947,24.4211,19.0877,0.3509,7.4386,8.9123,83.6491,,12.1404,10.5965,77.2632,,6.6667,43.4386,28.8421,17.0526,3.7193,0.2807,2.9474,19.0877,42.5263,30.8772,4.2807,0.2807,7.0877,43.8596,28.1404,18.386,1.8246,0.7018,3.0175,7.4386,20.8421,56.8421,11.8596,,4.7018,25.8947,24.0702,30.5263,13.7544,1.0526,16.8421,23.0877,60.0702,,7.0175,29.4035,63.5088,0.0702,32.4211,67.4386,0.1404,23.7018,14.2895,13.538,26.0614,19.3198,46.2632,0.4561,0.7018,41930.8675,17,17
2020,Nayarit,0.3794,11289.1069,19249.2916,25369.3861,30856.2832,37461.122,44171.8096,52626.6686,63633.7757,82122.9241,149594.3167,3.2287,31.9283,32.5561,27.713,4.574,,44.6637,54.8879,,0.4484,2.6906,49.3274,21.435,22.7803,2.5112,1.2556,,2.87,16.5919,32.9148,10.3139,37.3094,,2.6906,33.6323,26.1883,20.4484,15.6054,1.435,10.2242,13.0045,76.7713,,20.3587,17.8475,61.7937,,9.148,53.4529,16.5919,16.9507,3.4081,0.4484,3.8565,32.1973,27.8924,32.4664,3.5874,,7.3543,54.3498,15.7848,18.0269,4.0359,0.4484,1.1659,25.2018,14.6188,46.7265,12.287,,6.5471,43.139,14.7982,21.3453,12.7354,1.435,23.6771,34.4395,41.8834,,12.7354,36.5022,50.7623,,43.3184,56.2332,0.4484,24.0284,13.8453,17.0404,21.5471,25.4019,38.2848,0.6502,1.435,51637.4685,18,18
2020,Nuevo leon,0.426,14212.6451,24145.3665,31300.2451,38070.01,45452.9198,54155.9163,64787.0369,81415.3516,109933.3159,242914.4187,1.7126,13.6325,50.3168,32.2829,2.0551,,26.6141,71.9644,0.3597,1.0618,0.6679,22.4182,61.2091,13.2214,1.49,0.9933,,1.5585,21.2194,35.4684,5.9085,35.1088,0.7364,2.7231,18.2223,45.7784,17.8798,13.9065,1.49,8.5974,9.1968,82.1374,0.0685,9.8476,8.5802,81.4181,0.1541,3.2026,32.0089,42.2675,19.7808,1.3701,1.3701,1.5585,14.5915,53.2283,28.8234,1.7297,0.0685,3.0313,30.6731,47.1999,16.6638,0.9933,1.4386,1.1132,7.6897,28.9947,54.3929,7.1074,0.7022,2.0551,20.6885,33.3961,33.4475,8.82,1.5927,12.3138,34.8519,52.8344,,4.7097,41.2399,54.0161,0.0343,24.7474,74.3278,0.9248,24.452,12.9624,16.6763,22.1164,20.3842,39.023,0.6013,1.1303,70638.7226,19,19
2020,Oaxaca,0.4178,7222.1712,11678.4847,15361.2366,19308.9791,23553.0445,28676.178,35531.3398,45287.6505,59823.8113,113510.1631,0.2956,14.9298,45.898,34.7376,4.139,,33.0377,66.4449,0.3695,0.1478,0.4435,31.5595,50.7761,14.7081,1.7738,0.7391,0.5913,4.5824,21.5817,28.677,26.1641,18.1079,0.2956,3.6955,23.8729,41.4634,15.4472,13.4516,2.0695,7.2432,6.9475,85.4398,0.3695,15.9645,5.0998,78.9357,,3.252,40.8721,39.3939,14.7081,1.7738,,0.3695,16.1863,49.15,31.4117,2.8825,,1.9956,43.9763,39.0983,11.8995,2.6608,0.3695,0.8869,9.017,31.4856,50.9978,7.4649,0.1478,1.5521,33.1855,34.6637,24.4642,5.3954,0.7391,13.895,30.0074,56.0976,,6.2823,28.1596,65.558,,29.7857,69.0318,1.1826,24.6181,13.0266,17.2148,21.5078,19.9386,44.9002,0.6061,0.813,35995.3059,20,20
2020,Puebla,0.401,8583.6883,13964.2435,18080.4167,22353.0189,26687.4106,31375.8958,37886.9264,46537.3771,61790.5123,122811.0054,0.5128,13.7729,54.5788,29.4505,1.685,,35.9707,54.1392,0.5128,9.3773,0.5861,35.1648,41.9048,20.3663,1.978,,,1.6117,8.8645,19.5604,43.5897,26.3736,,0.8059,34.5055,36.044,20.8791,7.7656,,6.2271,6.4469,87.326,,9.8901,10.0366,80.0733,,2.0513,34.7253,43.1502,15.8974,4.1026,0.0733,0.2198,12.3077,62.0513,25.4212,,,1.4652,40.0733,40.0733,11.3553,5.9341,1.0989,0.2198,6.5201,40.7326,49.304,3.2234,,1.978,30.5495,40.0733,14.2857,13.1136,,15.3846,42.3443,42.2711,,4.4689,35.0916,60.4396,,25.7143,74.0659,0.2198,25.4151,13.4066,18.355,21.4652,20.7101,43.7454,0.4762,,39007.0495,21,21
2020,Queretaro de arteaga,0.3794,13872.5077,22931.7465,29184.5929,35467.7746,42620.0679,50784.9782,61146.7238,74005.044,95992.5863,174273.4075,0.9743,9.3003,44.8184,42.9584,1.9486,,16.3862,81.9309,,1.6829,0.5314,27.4579,56.0673,14.5261,0.9743,0.4429,0.7086,1.3286,19.9291,50.8415,2.6572,24.535,,2.3029,16.7405,50.31,20.0177,10.186,0.4429,3.543,2.3029,93.7112,0.4429,3.1887,7.7945,88.574,0.4429,1.9486,35.0753,38.1754,20.0177,3.0115,1.7715,,11.6032,54.473,32.5952,0.7972,0.5314,1.5058,33.0381,44.4641,18.4234,1.4172,1.1515,0.62,5.5802,35.5182,50.8415,7.4402,,0.7972,21.0806,46.6785,20.8149,9.7431,0.8857,8.5917,20.0177,71.3906,,4.4287,48.6271,46.9442,,21.3463,77.0593,1.5943,25.0342,15.1461,16.7995,21.5678,16.9449,43.1847,0.911,0.6643,60027.9429,22,22
2020,Quintana roo,0.4066,8646.0228,15729.2179,21014.6243,26429.8432,32017.8858,38697.9131,46286.5719,55651.4021,73437.8259,145581.1615,1.3205,15.7263,42.7371,36.2545,3.9616,,32.6531,67.2269,,0.12,3.9616,38.2953,34.5738,20.5282,1.8007,0.8403,1.6807,5.6423,21.4886,44.898,8.4034,17.7671,0.12,8.5234,35.5342,38.2953,11.6447,6.0024,,15.4862,3.6014,80.9124,,29.0516,7.563,63.3854,,6.6026,45.2581,37.3349,9.0036,1.6807,0.12,1.8007,20.8884,47.419,28.6915,1.2005,,6.6026,46.4586,38.7755,6.9628,1.0804,0.12,1.8007,12.2449,38.1753,44.1777,3.3613,0.2401,5.6423,39.0156,33.2533,13.6855,8.1633,0.2401,25.5702,17.0468,57.383,,5.5222,28.5714,65.9064,,35.5342,62.3049,2.1609,25.9104,11.1044,20.108,17.542,21.3408,44.5228,0.8103,0.2001,46349.2468,23,23
2020,San luis potosi,0.4098,8463.292,14974.8547,20514.4382,26250.4665,32473.9063,39487.4353,48091.7532,59948.5957,79693.223,142515.5287,,12.5527,47.4684,38.3966,1.5823,,21.73,78.27,,,,14.557,73.4177,12.0253,,,,0.3165,0.3165,16.4557,21.8354,61.0759,,0.211,14.557,37.4473,43.1435,4.6414,,5.6962,16.3502,77.9536,,6.6456,19.8312,73.5232,,0.4219,21.9409,52.4262,22.3629,2.7426,0.1055,0.4219,13.7131,51.4768,32.8059,1.5823,,0.8439,22.9958,50.9494,23.1013,2.0042,0.1055,,7.5949,22.7848,66.5612,3.0591,,0.7384,16.9831,40.5063,37.9747,3.7975,,8.4388,25.5274,66.0338,,5.5907,25.5274,68.8819,,17.7215,82.2785,,25.0192,15.5723,14.1456,24.6835,20.0861,64.2405,0.1055,,47241.3494,24,24
2020,Sinaloa,0.3734,13909.8048,21964.3754,27737.4107,33416.8623,39381.4654,46975.9272,55576.488,68042.8896,87072.4969,161874.8564,0.5742,20.9569,41.0526,31.6746,5.7416,,31.5789,65.8373,0.4785,2.1053,1.244,33.3014,44.4019,16.3636,3.3493,1.3397,,1.6268,10.7177,35.4067,13.6842,38.2775,0.2871,0.3828,21.8182,48.3254,17.7033,10.9091,0.8612,9.378,12.823,77.799,,14.8325,8.0383,77.1292,,3.8278,39.4258,42.9665,12.3445,0.5742,0.8612,0.2871,20.0,51.866,23.1579,4.0191,0.6699,6.0287,32.7273,47.0813,13.0144,0.5742,0.5742,0.5742,14.4498,31.5789,43.3493,9.7608,0.2871,3.3493,27.9426,38.6603,23.8278,4.3062,1.9139,20.5742,23.5407,55.8852,,7.2727,40.7656,51.9617,,42.0096,56.6507,1.3397,25.5662,11.3876,18.1296,19.8684,22.2893,41.244,0.8772,0.8373,55595.2577,25,25
2020,Sonora,0.4167,12345.7707,20627.7664,26724.0131,33214.3735,40099.5745,48011.9096,58985.6419,74510.8698,99170.62,196600.4365,1.4856,23.584,40.39,32.9619,1.5785,,27.4838,71.9591,,0.5571,4.9211,35.0046,44.7539,14.1133,1.2071,,,2.2284,7.9851,43.8254,17.9201,28.0409,,4.1783,32.1263,36.9545,20.0557,6.6852,,23.7697,14.6704,61.5599,,39.2758,14.6704,46.0539,,7.6137,54.7818,25.9981,10.6778,0.9285,,1.0214,19.2201,56.7317,22.9341,0.0929,,6.6852,50.6964,33.519,8.8208,0.2786,,,11.792,35.9331,43.7326,8.5422,,4.6425,38.9972,36.026,16.7131,3.6212,,25.9053,25.9981,47.7252,0.3714,14.7632,34.6332,50.6035,,32.9619,67.0381,,26.8106,9.7841,21.0864,20.137,26.0624,39.3454,0.3714,,61029.0976,26,26
2020,Tabasco,0.419,8652.518,14099.9164,18111.9861,22150.8038,26499.4717,32264.79,40006.6881,50048.223,69344.9025,133468.5862,0.6842,17.1038,41.6192,35.3478,4.675,0.5701,31.2429,58.0388,0.9122,9.8062,2.9647,29.4185,39.6807,18.8141,4.1049,5.0171,,2.2805,13.683,33.1813,12.5428,38.1984,0.114,6.3854,29.5325,34.8917,15.7355,12.4287,1.0262,11.8586,10.0342,76.2828,1.8244,18.7001,14.5952,66.1345,0.5701,5.5872,44.9259,30.2166,12.2007,1.3683,5.7013,2.1665,21.4367,40.2509,32.6112,3.5348,,3.9909,53.8198,29.1904,9.122,1.0262,2.8506,0.9122,12.3147,25.0855,50.2851,10.4903,0.9122,4.333,44.0137,28.6203,18.358,3.1927,1.4823,14.8233,29.1904,55.8723,0.114,7.2976,22.4629,70.0114,0.2281,37.9704,58.4949,3.5348,24.2493,12.4857,18.3684,19.5268,20.7877,39.1106,2.1323,0.8837,41464.7886,27,27
2020,Tamaulipas,0.3968,10770.0125,17860.2469,23078.9958,28424.1063,34279.3449,40786.2754,48610.7017,58779.5273,76500.6011,154216.9875,0.3132,8.6639,32.881,52.5052,5.6367,,29.9582,69.1023,,0.9395,0.5219,34.8643,35.595,27.8706,1.1482,,,8.5595,8.3507,33.1942,29.9582,19.9374,,0.3132,22.547,36.8476,36.952,3.3403,,1.1482,3.4447,95.4071,,4.9061,6.6806,88.4134,,0.8351,48.3299,29.1232,20.6681,1.0438,,1.4614,14.3006,30.7933,49.8956,3.4447,0.1044,2.6096,51.357,22.9645,21.9207,1.0438,0.1044,,14.5094,17.7453,61.4823,6.263,,4.4885,43.1106,22.547,27.5574,2.2965,,6.1587,51.4614,42.38,,3.2359,16.4927,80.2714,,13.4656,86.5344,,20.3027,19.5198,17.9019,25.1305,15.9949,50.4567,0.1044,,49330.6799,28,28
2020,Tlaxcala,0.3794,9420.9053,14569.9892,18523.3071,22235.4341,26500.5302,31059.2282,37208.087,47245.8766,61253.3157,110056.1193,0.5,10.5,41.7,41.6,5.7,,25.4,68.6,0.1,5.9,,26.6,44.4,23.8,1.9,3.3,,3.1,15.2,36.3,11.9,32.9,0.6,1.6,25.5,36.7,17.4,17.5,1.3,6.0,8.4,85.6,,10.4,21.4,67.9,0.3,2.3,39.3,23.9,23.8,7.1,3.6,1.5,11.0,46.6,37.3,3.6,,1.7,40.8,28.9,21.6,4.4,2.6,,6.1,24.8,54.1,14.7,0.3,,38.3,27.3,22.7,10.1,1.6,14.2,16.4,69.4,,3.1,27.4,69.5,,15.3,81.2,3.5,20.725,18.1375,19.8444,23.0875,18.25,45.1333,2.2333,0.95,37807.2793,29,29
2020,Veracruz de ignacio de la llave,0.389,8017.7099,12885.5644,16604.3239,20521.911,24377.7871,29098.5097,34902.6807,42615.9702,56767.0019,104850.2405,0.1661,10.7973,38.8704,43.6877,6.4784,,27.1595,72.01,,0.8306,0.8306,24.4186,59.3854,13.6213,1.5781,0.1661,,1.2458,16.196,36.0465,13.4551,32.8904,0.1661,2.4917,28.1561,54.402,9.6346,5.3156,,3.4053,3.0731,93.5216,,7.4751,21.2625,71.2625,,1.0797,39.6179,41.0299,15.1993,1.8272,1.2458,0.1661,8.6379,49.4186,38.7874,2.99,,0.5814,41.5282,42.2757,13.3721,1.9934,0.2492,,5.6478,20.4319,53.6545,20.2658,,,27.7409,40.8638,24.6678,6.0631,0.6645,8.3887,27.3256,64.2857,,2.907,25.4983,71.5947,,20.8472,78.8206,0.3322,22.8475,15.5419,21.9085,21.1379,17.8444,49.5328,0.4983,0.4153,35064.1699,30,30
2020,Yucatan,0.4311,8659.9344,14802.6092,19848.3807,24699.1153,29842.6047,35547.832,42674.8645,53101.9592,73816.2418,157346.5223,2.7642,16.5854,44.3089,32.6016,3.4146,0.3252,34.6341,62.1951,0.9756,2.1951,4.7154,42.6829,33.252,11.7886,4.878,2.6829,,1.0569,11.3008,28.6179,6.1789,51.2195,1.626,3.8211,15.7724,29.187,16.748,31.4634,3.0081,11.5447,3.4959,84.6341,0.3252,20.0,6.3415,73.1707,0.4878,8.6179,41.8699,30.4878,11.3821,4.1463,3.4959,2.9268,19.4309,44.4715,32.3577,0.813,,9.187,45.2033,30.2439,10.8943,1.2195,3.252,0.6504,10.813,24.1463,51.1382,13.1707,0.0813,6.0163,32.9268,27.3171,23.9024,6.748,3.0894,21.9512,15.122,62.9268,,5.7724,25.6911,67.3984,1.1382,28.2114,69.7561,2.0325,24.6748,12.1037,14.8189,22.2459,19.4934,40.6956,1.635,1.9512,46034.0064,31,31
2020,Zacatecas,0.41,9598.0454,15287.2482,19403.3637,23632.6209,28470.272,34106.8545,40818.645,51332.0035,68086.0214,139606.6551,1.6488,15.7461,47.568,32.1517,2.8854,,31.9868,67.4361,0.5771,,0.742,19.291,38.9942,35.6966,2.803,2.4732,,2.2259,13.85,50.1237,7.0074,26.4633,0.3298,2.5556,21.0223,39.5713,23.0008,11.047,2.803,7.6669,5.3586,86.9744,,14.0973,6.5952,78.8953,0.4122,3.9571,28.0297,37.6752,17.972,3.2152,9.1509,,20.6925,52.0198,25.9687,1.319,,4.2869,34.5425,32.6463,17.7246,1.9786,8.8211,0.4122,11.5416,26.958,52.3495,7.8318,0.9068,1.6488,26.6282,23.413,28.4419,12.2836,7.5845,17.8895,21.6818,60.4287,,10.9646,24.4023,64.6331,,27.0404,71.2284,1.7312,25.3466,12.9019,15.4388,24.0107,17.4393,48.7016,3.861,2.906,43034.173,32,32
2022,Aguascalientes,0.4019,17746.2559,28243.2595,35716.775,43970.2543,52954.5506,62603.6656,74690.1542,90859.7075,123165.244,247307.9979,0.3391,6.2984,51.7442,40.0194,1.5988,,12.9845,72.1899,0.2422,14.5833,0.1938,10.2713,34.157,54.4089,0.969,,,,0.8236,7.9457,7.1705,84.0601,,0.8236,16.812,43.4109,33.2364,5.7171,,0.436,3.1008,96.4632,,2.374,8.0426,89.5833,,0.2422,40.0194,31.9283,26.0659,1.7442,,,6.2016,68.3624,25.3876,0.0484,,0.2422,42.2481,34.3023,22.3837,0.8236,,,2.0833,15.3101,75.5814,7.0252,,,13.7112,23.6919,48.3043,14.2926,,4.3605,37.4516,58.188,,,9.5446,90.407,0.0484,5.4748,94.5252,,25.6298,14.759,14.5833,24.9092,10.6993,60.2168,0.1453,,77725.7865,1,01
2022,Baja california,0.3554,21989.9521,35917.2112,46888.6189,56661.6987,66473.0776,77388.1301,91028.6525,108698.7348,138171.4123,242768.9924,2.0185,31.2572,48.9619,17.128,0.6344,,47.7509,49.0196,,3.2295,2.6528,34.4867,52.4798,8.8235,0.2884,1.2687,0.2307,1.7878,10.323,37.8316,17.128,32.2376,0.4614,7.4971,37.9469,40.4268,10.9573,1.6724,1.4994,18.4544,6.9781,74.2791,0.2884,26.8743,6.9204,65.8016,0.4037,7.6125,41.1188,39.7924,8.0738,0.8651,2.5375,2.7682,35.5248,47.9815,13.4948,0.2307,,7.1511,45.8478,37.5433,7.2088,0.2884,1.9608,1.2687,26.5283,37.6009,31.7762,2.1338,0.692,2.1915,36.7359,31.9493,23.2411,3.9216,1.9608,28.7197,35.0634,36.2168,,13.4371,48.7889,37.7739,,45.271,53.3449,1.3841,28.9648,5.9905,19.5406,16.0828,28.2983,29.2644,1.3072,1.1534,88598.648,2,02
2022,Baja california sur,0.3682,20770.9632,35666.8172,45802.7913,55791.1331,65687.9452,77443.5432,91441.3673,111930.1592,143853.6175,253102.2385,,15.3972,64.5373,19.7379,0.3276,,40.4586,59.4595,0.0819,,0.3276,27.846,68.3047,3.5217,,,,0.9828,6.552,20.8845,13.4316,58.1491,,3.9312,29.1564,44.4717,20.0655,2.3751,,11.1384,13.7592,75.1024,,17.8542,24.3243,57.8215,,2.2932,36.036,34.8894,24.7338,2.0475,,0.2457,7.5348,68.2228,23.2596,0.7371,,0.9828,28.7469,47.502,21.4578,1.3104,,0.2457,10.9746,35.9541,49.959,2.8665,,0.0819,25.7985,34.5618,27.9279,11.6298,,19.8198,62.326,17.8542,,5.9787,60.7699,33.2514,,27.6003,72.3997,,27.8535,11.7015,17.5192,18.6425,29.2698,43.5981,0.0819,,90149.0576,3,03
2022,Campeche,0.4023,12238.7613,20448.7867,26670.8736,32180.8894,37925.1105,45159.444,54994.1524,68486.8903,89996.4984,178448.7075,3.1659,19.8899,49.2085,24.914,2.8217,,34.9621,64.7626,,0.2753,3.1659,29.5939,40.8121,21.7481,4.4047,0.2753,0.4129,4.3359,9.8417,31.5898,7.5017,46.318,,2.6841,24.914,32.5533,27.8734,11.7688,0.2065,6.0564,9.9105,82.5877,1.4453,12.1129,14.7281,73.159,,3.5788,35.6504,40.1239,17.6875,2.8217,0.1376,1.1012,25.2581,50.7915,21.5416,1.3076,,4.7488,32.4157,49.9656,11.0117,1.8582,,1.6518,16.0358,26.1528,46.5244,9.3599,0.2753,3.097,26.084,30.1445,30.6263,9.9105,0.1376,15.7605,28.5616,55.6779,,6.4694,20.5781,72.9525,,27.3916,72.3331,0.2753,26.3248,10.4955,14.8256,21.8944,19.2387,46.8427,0.5334,0.2065,56655.0114,4,04
2022,Chiapas,0.4151,8519.1114,14108.5703,17943.0725,21544.906,25622.2798,30889.4736,38166.8016,47975.712,63265.7464,130218.1371,1.8311,26.3479,35.5544,34.588,1.6785,,31.4852,68.1587,0.1526,0.2035,2.3906,40.6409,40.7935,15.8189,0.3561,,0.1526,1.6785,10.6307,18.0061,17.1414,52.3906,,2.3398,13.0722,60.1221,9.2065,15.056,0.2035,7.4262,4.4252,88.1485,,13.1231,4.7304,82.1465,,8.2909,37.9451,31.7396,20.1933,1.8311,,2.3906,25.1272,42.2177,28.942,1.3225,,5.7986,37.7416,36.6226,18.7691,1.0682,,0.2035,20.3459,25.4323,48.881,5.1373,,1.4242,29.9593,31.8413,31.8413,4.9339,,24.8728,40.6918,34.4354,,9.0031,40.3357,50.6612,,35.8596,64.1404,,24.3006,13.5491,16.4335,18.7754,22.7522,40.2403,0.1526,0.2035,39825.3811,7,07
2022,Chihuahua,0.4146,16036.454,28069.3189,36520.4246,44972.6714,54002.8354,63995.7494,76042.3686,93152.3028,121641.4194,268434.1631,1.7483,20.0,46.9231,27.1329,4.1958,,33.2168,66.5734,0.2098,,1.3986,23.2168,37.1329,33.007,2.6573,2.5874,,1.4685,7.5524,21.8182,7.9021,60.5594,0.6993,1.1888,27.6224,36.7832,27.6923,3.0769,3.6364,15.5245,2.5175,81.8182,0.1399,18.3217,1.4685,80.0699,0.1399,2.1678,33.6364,31.049,23.7762,4.3357,5.035,1.5385,26.014,44.1259,25.8042,2.5175,,4.5455,33.4266,29.6503,22.4476,4.2657,5.6643,1.1189,13.6364,26.7133,46.5035,10.5594,1.4685,2.1678,23.4965,26.3636,30.6294,12.3077,5.035,22.7273,26.5035,50.3497,0.4196,10.7692,26.4336,62.7972,,29.1608,68.042,2.7972,22.9021,14.3094,15.2829,20.0612,19.107,45.6731,2.1241,2.7098,80286.7708,8,08
2022,Coahuila de zaragoza,0.3684,18038.4642,29060.0052,37693.8129,45750.5019,54523.4808,64673.2154,76838.5874,92372.8634,116896.1956,212057.7739,3.9745,32.3847,45.0932,16.8302,1.7174,,42.8361,55.5937,0.2453,1.3248,4.5142,36.9971,38.371,19.0383,1.0795,,0.2453,1.1776,17.5662,24.2395,30.2257,26.5456,,14.1315,26.84,47.9392,7.5564,3.5329,,15.2601,22.9146,61.8253,,21.9333,23.2581,54.8086,,8.4887,40.2355,35.6722,12.6595,2.6987,0.2453,4.7596,32.3356,46.9087,15.4073,0.5888,,8.6359,39.5486,37.8312,12.6104,1.3739,,2.1099,23.6506,37.2424,32.4338,4.5633,,5.79,28.0177,36.3101,23.896,5.7409,0.2453,31.4524,36.8008,31.7468,,19.9706,41.0206,38.9598,0.0491,42.3945,57.262,0.3435,27.989,7.9858,20.0851,16.5236,29.0556,33.3538,0.2208,0.2453,74790.4901,5,05
2022,Colima,0.3573,17718.6258,27867.2788,35480.6801,43132.1609,51518.8166,60539.0241,71722.1081,86477.3628,110512.9335,187952.8297,0.7306,50.2283,24.7489,23.379,0.9132,,45.3881,53.6073,,1.0046,0.5479,37.2603,37.1689,20.7306,4.1096,0.1826,,0.6393,1.5525,44.2922,7.8539,45.5708,0.0913,0.7306,50.8676,36.895,10.5023,0.274,0.7306,5.9361,29.0411,65.0228,,16.895,26.484,56.5297,0.0913,0.1826,52.968,39.6347,6.6667,0.3653,0.1826,1.0046,44.5662,32.1461,21.8265,0.4566,,0.1826,58.9041,34.3379,6.0274,0.3653,0.1826,,12.1461,29.1324,45.7534,12.968,,,36.621,47.7626,14.3379,1.0046,0.274,52.3288,26.21,21.4612,,29.4064,32.6027,37.9909,,46.3014,53.1507,0.5479,28.3029,7.5,24.0386,17.1233,29.6593,28.5743,0.2374,0.3653,69292.182,6,06
2022,Distrito federal,0.4101,20114.5221,32920.9997,41469.1012,50305.4161,58939.7234,68577.7342,82031.7796,102210.6997,139797.3955,295914.5196,0.1519,5.1146,48.0441,41.3217,5.3678,,23.4713,69.4392,0.038,7.0515,0.3545,11.8243,58.7543,26.5603,1.4432,1.0634,,1.1141,2.2534,17.2933,40.8406,38.0428,0.4558,0.7469,22.256,33.865,36.6882,4.8487,1.5951,1.1394,3.1776,95.4804,0.2026,2.2408,5.583,92.037,0.1393,0.4051,30.2443,51.9433,15.0019,0.633,1.7724,0.1139,4.8867,48.7277,40.8406,5.4311,,0.4558,34.1056,48.2593,14.812,0.633,1.7344,0.1646,3.4561,28.2314,59.7164,8.2542,0.1772,0.2912,22.8004,44.7525,28.1301,2.2914,1.7344,2.7472,48.8416,48.4112,,1.6838,23.8764,74.4398,,13.3308,86.4666,0.2026,22.7044,15.5051,14.5392,24.7579,15.1558,45.4924,0.7361,0.9906,89228.1891,9,09
2022,Durango,0.37,12019.573,21574.0131,28284.6626,34845.372,42143.5492,50219.016,59317.5814,72219.9541,92952.0059,155956.3574,,15.0423,43.493,38.8732,2.5915,,39.831,60.169,,,0.6761,27.7183,44.5634,22.0845,4.9577,,,0.1127,5.2394,12.169,26.3099,56.169,,0.3944,22.6479,56.169,10.9859,9.8028,,4.8451,17.8592,77.2958,,9.1831,18.3099,72.507,,0.4507,29.9718,43.7183,24.1127,1.7465,,0.4507,11.2113,50.8169,35.6056,1.9155,,0.4507,28.6197,47.7746,21.5211,1.6338,,0.1127,6.1972,36.338,54.1972,3.1549,,0.507,24.5634,46.8732,25.9155,1.9718,0.169,12.0563,52.7887,35.1549,,3.3239,46.8169,49.8592,,29.0704,70.9296,,24.7273,16.0,18.105,18.0634,23.6186,45.7787,,0.169,56953.2085,10,10
2022,Guanajuato,0.3572,15767.3604,24875.1193,31266.8626,37642.8834,44599.6365,51594.742,59688.9661,71646.6366,93023.8464,167741.5164,0.5988,17.6347,43.2934,32.515,5.9581,,19.521,80.0,,0.479,0.1796,12.485,47.5749,34.0419,3.7725,1.9461,,0.0898,2.6647,12.4551,20.8683,63.5329,0.3892,0.988,22.3952,51.2275,17.2455,6.5269,1.6168,6.1377,4.9701,88.8323,0.0599,8.1437,6.8563,85.0,,0.6287,37.1856,39.012,18.024,3.9521,1.1976,0.5689,16.6168,47.4551,30.7186,4.4611,0.1796,1.4371,37.2455,39.4311,15.5988,5.2096,1.0778,0.4491,11.018,22.9641,47.9641,17.6048,,0.2994,24.012,35.0299,25.9281,13.503,1.2275,12.006,33.2635,54.7305,,5.9281,24.2814,69.7904,,17.1257,82.7545,0.1198,23.4256,14.5546,15.558,20.262,15.2672,51.8001,0.7635,1.0778,59784.7569,11,11
2022,Guerrero,0.4072,8624.6954,13827.5515,18504.767,23031.6342,27899.2606,33676.7786,40551.9218,50529.6982,66989.6737,128573.9594,,17.3228,32.3491,32.0866,18.2415,,34.3176,65.4199,0.2625,,,15.9449,42.9134,19.4226,21.7192,,,,0.5906,6.7585,30.4462,62.0079,0.1969,,24.4751,47.9659,15.4856,12.0735,,0.853,3.3465,95.8005,,6.3648,12.2703,81.3648,,,18.1102,46.7192,28.8058,6.3648,,,11.2205,46.9816,35.7612,6.0367,,,26.2467,48.2283,21.3911,4.1339,,,25.0656,45.1444,27.8871,1.9029,,,26.9029,60.3018,11.4829,1.3123,,16.601,40.4856,42.9134,,2.4934,42.2572,55.2493,,13.1234,86.8766,,30.8973,19.1027,32.9209,13.4186,19.2476,55.3431,0.2625,0.1969,41220.994,12,12
2022,Hidalgo,0.3753,12325.7283,20250.8807,26270.2342,31834.8847,37878.027,45165.6716,54043.428,64903.4806,82072.2039,153822.6812,2.9762,17.8571,41.7328,30.8201,6.6138,,33.8624,65.873,0.2646,,2.7778,29.7619,42.328,20.9656,3.9683,0.1984,,2.5132,5.6217,28.7698,20.5688,42.5265,,4.6296,18.3201,45.5026,17.2619,13.955,0.3307,7.8704,7.3413,84.6561,0.1323,14.2196,11.5079,74.2725,,6.9444,38.1614,33.3333,15.0794,4.828,1.6534,2.4471,20.8995,43.0556,29.6958,3.9021,,6.746,40.6085,33.9947,14.8148,3.0423,0.7937,1.1905,18.1878,26.7196,43.5847,10.3175,,4.4312,29.8942,29.3651,23.6772,11.6402,0.9921,15.0794,32.0106,52.9101,,4.7619,33.2011,61.8386,0.1984,35.7804,63.8889,0.3307,24.0631,13.5995,16.9432,21.2219,20.8079,50.5858,0.5102,0.6614,52856.722,13,13
2022,Jalisco,0.3557,18679.3085,29292.7691,37595.8265,45042.9644,52703.126,61868.5341,73384.494,88529.8717,111301.0801,196630.4609,0.7595,18.0833,37.8979,40.4445,2.7812,0.0335,26.7508,71.328,0.201,1.7201,0.86,22.8303,36.2783,33.6312,4.2332,2.1669,0.201,0.8154,5.339,16.676,14.3304,62.2808,0.3574,3.1833,19.58,33.8993,18.262,19.312,5.7634,6.6682,6.2661,86.9429,0.1229,8.8239,6.9809,84.1282,0.067,2.178,34.0333,30.7383,28.1135,3.7083,1.2286,0.7819,18.4184,41.5391,37.6634,1.5972,,2.1222,32.4919,33.1844,27.9683,2.5913,1.6419,0.4468,10.9461,26.5498,54.3282,7.6511,0.0782,1.8765,19.513,29.6325,37.6969,7.4053,3.8758,15.9165,27.5885,56.495,,5.2273,28.672,65.9332,0.1675,31.1069,64.7381,4.155,21.019,18.1085,12.6652,21.9577,17.2284,42.7876,1.0872,2.5187,71502.8435,14,14
2022,Mexico,0.3648,15843.1622,23803.4312,29426.621,35193.447,40783.0257,47422.6487,56182.4317,68093.4572,88039.2875,166398.8207,1.0852,11.7173,51.4592,31.9548,3.7835,,18.2578,76.9468,0.1906,4.6048,0.6159,20.0029,42.1176,29.7551,6.5845,0.9239,0.4839,2.493,11.0867,15.5741,10.852,59.4075,0.1027,2.2877,14.049,36.0903,13.4917,32.7907,1.2905,3.3876,3.5049,93.0635,0.044,6.7605,5.602,87.4615,0.176,2.9037,25.253,46.8397,19.5337,4.4728,0.9972,1.7598,13.0664,53.3803,29.1392,2.6543,,3.8715,31.0163,42.2056,19.2257,2.9916,0.6893,0.7039,9.6348,25.8982,54.7881,8.9163,0.0587,2.1997,23.0092,29.3591,31.3389,13.0371,1.0559,10.5147,22.4373,66.9013,0.1466,4.7074,23.8891,71.0661,0.3373,21.4254,76.2722,2.3024,23.7132,14.2195,13.108,22.5986,14.0941,47.2634,0.6453,0.6269,57118.6333,15,15
2022,Michoacan de ocampo,0.3842,13397.1746,20874.2629,26880.4729,32603.8257,39006.3452,46502.5308,55427.4044,67029.8494,86141.6309,167876.8199,2.1528,14.5139,47.5,31.0417,4.7917,,33.75,66.25,,,1.0417,21.5278,40.4861,22.3611,14.5833,,1.1806,1.0417,7.7778,13.4028,6.5278,70.0694,,3.75,11.6667,34.6528,11.9444,37.4306,0.5556,5.9722,6.1111,87.9167,,9.5833,8.4722,81.9444,,3.75,32.0139,30.1389,26.4583,7.6389,,0.4167,17.9861,52.9167,22.3611,6.3194,,4.1667,35.8333,29.7917,23.2639,6.9444,,2.0139,8.8194,25.9028,47.4306,15.8333,,2.8472,21.8056,24.5139,33.5417,17.2917,,22.1528,28.3333,49.5139,,4.0972,35.3472,60.5556,,32.8472,67.1528,,22.5984,16.1024,12.1644,22.9253,19.2094,52.619,,0.5556,55574.0317,16,16
2022,Morelos,0.3893,14008.9868,21936.2762,27608.4402,32799.6478,38968.8681,46223.6764,55566.1563,67631.9649,88257.0616,176749.3319,2.8729,21.0497,41.1602,30.221,4.6961,,28.895,70.1657,0.1657,0.7735,2.3204,29.3923,41.7127,20.1105,6.4641,,,1.547,14.1989,26.6851,11.8232,45.7459,,1.105,15.2486,54.0331,16.9061,12.7072,,6.7956,8.9503,84.2541,,11.768,7.4586,80.7735,,6.6298,30.5525,36.7956,18.9503,6.9613,0.1105,2.1547,19.558,44.0331,29.8343,4.4199,,5.9669,33.3702,37.1823,17.5691,5.9116,,2.4862,12.9282,32.8729,44.8619,6.8508,,3.5912,22.2652,37.5138,23.9227,12.7072,,18.895,24.6961,56.4088,,8.895,26.3536,64.7514,,28.674,71.326,,23.4438,14.8204,17.9809,19.558,18.8313,46.7818,0.1381,,56975.041,17,17
2022,Nayarit,0.3775,13219.4602,23729.0837,30933.774,37754.6221,45028.6978,53091.0383,63407.4661,76217.1196,98107.5655,180376.5189,2.5779,22.7818,44.1247,27.5779,2.9376,,39.0887,60.4916,,0.4197,3.2374,30.8753,40.048,21.223,4.4365,0.1799,,1.5588,4.3765,25.5995,15.4676,52.9976,,5.0959,21.4628,43.6451,17.7458,10.9712,1.0791,8.9928,8.693,82.1942,0.1199,13.6691,12.5899,73.741,,5.7554,40.8873,28.8969,16.4868,5.9952,1.9784,3.0576,24.2206,45.024,24.6403,3.0576,,4.7962,39.988,34.1727,16.307,3.1775,1.5588,1.3189,19.3046,26.259,48.0815,4.9161,0.1199,4.976,27.518,29.0767,27.8177,8.8129,1.7986,21.223,34.5324,44.1847,0.06,9.7722,43.4652,46.7626,,36.0911,62.7098,1.199,24.6902,12.5225,16.7811,19.9266,23.2522,40.3028,0.8493,0.9992,62186.5346,18,18
2022,Nuevo leon,0.3854,20248.8351,32615.0663,41151.2171,50401.9133,60113.0446,70798.4356,83904.7891,103646.6971,133884.1759,258915.9389,2.5833,26.6759,47.4808,21.915,1.345,,35.8881,55.8604,0.1921,8.0594,2.3484,33.2408,50.9821,10.5572,2.0816,0.7899,0.3096,1.5478,13.6422,32.088,8.2301,43.9155,0.2669,5.807,22.5235,54.0243,11.4646,4.5687,1.6119,13.2899,10.1089,76.4944,0.1067,16.3108,10.9629,72.5662,0.1601,7.0986,41.2788,36.4112,12.0837,2.0068,1.1208,3.117,28.7575,48.5162,18.307,1.2383,0.064,7.152,42.2502,36.9129,10.6106,2.0389,1.0354,1.1315,17.1541,33.0807,42.389,5.9351,0.3096,2.2523,27.0389,37.1157,25.3416,7.3121,0.9394,24.4129,36.2617,39.3254,,11.2084,45.2818,43.4031,0.1067,37.6281,61.6781,0.6939,27.3529,8.6932,17.969,17.1662,25.225,33.0688,0.4744,0.7819,85568.0113,19,19
2022,Oaxaca,0.4186,8437.6491,14021.6404,18653.0318,23052.1518,28145.734,33985.1487,41933.0545,52131.0355,68195.9803,138539.5708,0.3848,19.4063,52.6663,25.6185,1.9241,,33.6449,65.4206,,0.9346,0.7697,33.5899,50.5223,13.304,0.9896,0.8246,0.3299,2.0341,15.2831,26.718,26.2232,28.6421,0.7697,3.1886,24.2991,50.3573,12.3145,8.1363,1.7042,7.7515,9.7856,82.133,0.3299,9.5107,14.2936,75.9758,0.2199,2.9687,37.3282,43.1556,13.7438,1.5943,1.2095,1.5393,20.6157,55.3601,20.8906,1.5943,,2.5289,42.4959,41.5613,10.5553,1.8692,0.9896,0.2199,18.0319,36.4486,41.5613,3.4634,0.2749,1.8692,25.0137,41.2864,26.663,4.0682,1.0995,17.2622,34.6894,48.0484,,7.0368,35.0192,57.9439,,32.7653,67.2347,,26.6676,9.7237,18.1968,18.6435,22.0493,37.3587,0.7147,0.9621,42709.4997,20,20
2022,Puebla,0.3751,12201.9192,19015.524,24369.4506,29209.948,34870.7281,41550.7323,49591.1437,60110.5713,77121.5711,142949.4199,0.7809,20.4869,49.8852,25.9531,2.8939,,31.4653,61.6904,,6.8443,0.9646,28.158,41.8006,26.3206,2.5264,0.2297,,,3.8585,5.65,39.6876,50.8039,,5.0069,33.6702,31.3734,18.0524,11.8052,0.0919,2.0211,6.0175,91.9614,,5.7878,9.83,84.3822,,1.8833,31.7409,47.4966,12.0808,6.6146,0.1837,0.4593,21.7271,51.9522,21.6812,4.1801,,2.113,37.5287,42.2141,11.0703,7.074,,0.3215,13.9642,39.5498,28.0202,18.1442,,0.6431,29.6739,46.8994,6.9821,15.526,0.2756,19.1548,36.8397,44.0055,,7.3955,29.4901,63.1144,,21.0841,78.7781,0.1378,25.689,11.4435,20.4961,17.9835,18.4622,46.9051,0.1837,0.1837,49099.1008,21,21
2022,Queretaro de arteaga,0.3724,17976.0821,29065.3009,36535.8139,44957.5622,53888.4278,64464.8419,77349.1168,93650.497,118837.2296,212619.5864,,12.0132,51.6832,32.8713,3.4323,,33.5974,65.0825,0.198,1.1221,3.6964,34.1914,47.1947,8.9109,1.1881,4.8185,,0.9901,5.4125,33.3333,5.3465,53.7294,1.1881,2.5743,19.934,47.9208,18.4818,7.7228,3.3663,3.7624,3.1683,93.0693,,6.0066,5.9406,88.0528,,1.8482,33.2673,38.7459,17.8878,4.3564,3.8944,,14.7855,53.2013,29.769,2.2442,,2.0462,31.6172,42.0462,18.0858,3.0363,3.1683,,15.9736,31.7492,47.6568,4.6205,,0.6601,24.2904,38.0858,30.363,3.1023,3.4983,17.0957,24.4884,58.1518,0.264,7.9208,56.5677,35.5116,,30.6271,67.1287,2.2442,28.1254,13.9604,18.7591,18.8284,21.0967,41.2706,2.4312,2.6843,74934.4459,22,22
2022,Quintana roo,0.3689,17241.114,28565.8852,36460.3531,44122.208,52171.2033,61229.3356,71906.4002,86655.4008,113512.4776,205325.0259,5.5417,29.5143,46.0772,17.6837,1.1831,,35.5542,62.8269,0.3736,1.2453,5.3549,42.8394,31.3823,19.2403,1.1831,,,1.0585,17.6214,28.8294,7.472,45.0187,,12.7646,32.8767,41.7808,7.9701,4.6077,,17.061,7.2229,75.7161,,26.3387,12.8269,60.8344,,12.8892,43.0884,29.0162,12.9514,2.0548,,7.0361,29.5143,45.7659,16.8742,0.8095,,13.6364,46.6999,26.2142,11.5193,1.9303,,3.3001,24.0971,35.1183,32.8144,4.67,,8.2192,36.5504,29.0162,19.0535,7.1606,,32.3163,20.9838,46.6999,,10.3985,25.8406,63.5741,0.1868,39.2902,60.1494,0.5604,27.9161,8.1258,22.0367,14.0722,23.6469,41.3294,0.3736,,71718.9404,23,23
2022,San luis potosi,0.3927,12720.1055,20383.2269,27335.5524,34370.6355,41849.6052,50221.412,61177.7705,75851.0099,100073.7098,173192.9119,0.2571,22.365,51.7352,25.6427,,,36.054,63.7532,0.1928,,0.6427,20.0514,71.144,8.0977,,0.0643,,0.1928,1.7995,12.018,15.4884,70.3085,0.1928,1.2211,29.1131,48.6504,20.1799,0.4499,0.3856,7.9692,12.3393,79.6915,,9.7044,16.9023,73.3933,,1.671,23.9717,57.8406,16.5167,,,0.2571,21.401,57.9692,20.2442,0.1285,,0.8997,27.635,56.491,14.8458,0.1285,,,14.5887,32.5193,51.928,0.7712,0.1928,0.3856,15.1671,49.9357,33.6761,0.6427,0.1928,17.1594,44.4087,38.4319,,9.3188,44.5373,46.144,,26.4139,73.5861,,26.8745,12.9177,19.3573,16.8943,24.3573,51.6174,0.1285,0.241,59717.594,24,24
2022,Sinaloa,0.3562,17460.2563,28737.0123,36657.0057,43947.5353,52176.6522,61639.3103,72428.2391,87189.2962,110300.7641,191340.9225,0.9777,33.1885,31.0701,33.1885,1.5752,,35.0353,64.9647,,,0.3259,28.6801,50.7876,20.2064,,,,1.2493,4.6171,16.1325,16.2955,61.7056,,0.5432,18.1966,70.3422,10.0489,0.8691,,6.7355,11.0809,82.1836,,7.9305,6.2466,85.8229,,4.7257,28.8973,48.0174,16.2955,2.0641,,2.2271,27.7567,40.8474,28.0282,1.1407,,4.5084,26.9419,54.2097,13.9598,0.3802,,1.1407,21.51,30.7442,39.9783,6.6268,,2.1727,21.2385,53.7208,19.6632,3.2048,,28.5171,28.0826,43.4003,,17.3819,39.7067,42.9115,,45.736,54.264,,25.2806,12.079,20.4978,14.1024,23.5574,51.3217,,,70187.6994,25,25
2022,Sonora,0.3857,16990.7442,28234.2278,36299.7518,44008.1368,52183.1872,62207.7281,74938.914,91852.4547,119624.793,222891.5796,1.1042,34.3685,44.0994,19.3927,1.0352,,40.7867,59.2133,,,2.2774,38.7164,46.3768,11.8703,0.7591,,,0.4831,6.1422,27.3982,12.5604,53.4161,,5.245,35.0587,44.5825,13.0435,2.0704,,24.2236,8.9027,66.8737,,32.9193,10.9731,56.1077,,3.7957,56.8668,27.5362,11.3182,0.4831,,0.8282,31.677,53.8302,13.2505,0.4141,,3.5887,57.902,28.2954,9.8689,0.3451,,1.1042,25.1208,35.3347,32.1601,6.2802,,1.8634,37.4051,35.4037,20.4279,4.8999,,34.5066,35.1277,30.3658,,20.0828,44.1684,35.7488,,41.0628,58.9372,,28.6577,7.0135,20.7039,14.8551,29.2403,37.6812,,,74923.1517,26,26
2022,Tabasco,0.392,12733.3249,19309.8399,24316.4991,29356.0837,34900.1325,41439.6465,50315.9022,63542.8017,86870.1467,154701.2307,2.5051,21.1239,47.3257,27.8944,1.151,,27.5559,68.9912,,3.4529,1.828,30.4672,47.258,19.2282,0.8125,0.4062,0.3385,1.151,11.916,34.9357,10.4265,41.2322,,2.9113,34.868,44.2789,12.4577,5.281,0.2031,7.7183,4.807,87.4746,,20.8531,9.6818,69.4651,,6.7705,31.8213,40.7583,16.6554,3.2498,0.7448,2.979,24.5091,44.956,26.608,0.9479,,7.2444,37.5085,37.1022,15.6398,2.3697,0.1354,0.4062,26.9465,30.0609,40.4198,2.1666,,5.0102,32.9045,32.2275,23.5613,6.2288,0.0677,20.9208,30.8734,48.2058,,9.8849,27.9621,62.153,,34.5972,64.9966,0.4062,25.3837,11.8145,18.585,16.9347,21.1083,44.4144,0.4232,0.1354,51748.5608,27,27
2022,Tamaulipas,0.3748,14323.3535,24180.3534,31016.1833,38083.4272,45564.0496,54996.2748,65526.3263,78878.3141,100736.4808,180420.4261,0.5205,12.8822,33.5068,49.9675,3.123,,20.9499,78.2694,,0.7807,0.4554,33.2466,32.4008,32.4658,1.4314,,,2.9928,10.7352,37.7358,16.7209,31.8152,,0.5856,26.5452,31.9453,36.9551,3.9037,0.0651,0.5856,6.5712,92.8432,,1.8868,7.2219,90.8913,,1.6916,37.866,44.5673,14.4437,1.4314,,0.7807,14.9642,36.4997,46.2589,1.4964,,1.4964,41.8998,38.907,17.5667,0.1301,,0.5205,13.2075,23.6825,57.5146,5.0748,,2.147,31.8152,34.0924,26.0898,5.8556,,11.4509,37.1503,51.3988,,3.2531,27.326,69.4209,,18.4776,81.5224,,22.1319,16.8022,16.2063,23.7313,15.4597,51.0166,,0.0651,63372.5189,28,28
2022,Tlaxcala,0.3369,13666.8,20532.902,25449.6894,29983.4178,34822.3576,40409.895,46788.8018,55868.5036,70179.6725,122957.9274,0.7038,19.9616,45.1695,28.023,6.142,,31.7978,67.2425,,0.9597,,26.2956,45.1695,21.817,1.6635,5.0544,,3.199,15.4191,30.3903,9.2131,40.2431,1.5355,3.5189,27.8311,46.6411,11.0685,8.3813,2.5592,4.0307,9.9808,84.9008,1.0877,12.7959,17.5304,68.0742,1.5995,3.199,31.9258,30.8381,20.6654,4.2866,9.0851,1.0237,22.7767,54.3186,17.7863,4.0947,,3.007,35.6366,35.2527,14.9072,3.8388,7.3576,1.0877,22.5208,25.5918,43.1222,7.3576,0.3199,2.8791,29.3666,26.5515,24.8241,7.1657,9.2131,10.5566,37.7479,51.6315,0.064,5.2463,31.158,63.2758,0.3199,16.7626,77.6711,5.5662,23.6511,12.468,18.6006,17.6903,20.756,41.1957,3.7668,3.4069,46065.9967,29,29
2022,Veracruz de ignacio de la llave,0.3936,10013.8724,16677.8594,21091.5094,25718.061,30291.4461,35501.6797,42791.7313,53487.5531,70300.0262,136119.9163,0.4186,23.6525,47.4097,26.3213,2.1978,,33.4903,66.3527,,0.157,0.2616,29.6703,53.2182,14.495,2.1978,0.157,0.157,0.471,4.0293,22.3967,23.4956,49.4505,,5.9131,27.1586,48.8226,13.5008,4.3956,0.2093,2.5118,8.7389,88.7493,,7.3783,20.9314,71.6902,,3.6107,39.4035,36.9963,17.3731,2.1455,0.471,0.157,22.763,52.0147,23.1293,1.9362,,2.7211,41.235,38.7755,14.9137,2.1978,0.157,0.3663,13.6578,37.6766,40.764,7.5353,,0.7326,33.2287,30.7692,29.0424,5.9655,0.2616,14.966,35.4265,49.3982,0.2093,4.6049,34.0659,61.3291,,26.1643,73.6264,0.2093,25.7631,11.2768,16.9152,18.387,20.8791,44.5382,0.2407,0.2355,44199.3655,30,30
2022,Yucatan,0.3902,14271.2211,22764.3768,29598.7479,36145.9118,43012.1028,50238.9273,59867.9691,72949.5534,96611.1701,188902.2488,0.8609,27.6159,45.6291,24.702,1.1921,,38.543,59.0066,0.9934,1.457,3.1788,24.1722,51.6556,14.3709,1.3907,5.2318,,0.1325,2.5828,13.9073,7.0199,75.4967,0.8609,8.0132,35.6954,36.4901,8.4768,5.6954,5.6291,10.1325,9.0728,80.596,0.1987,10.8609,9.2053,79.0066,0.9272,7.4834,43.3775,33.8411,9.6026,1.3245,4.3709,0.7285,29.404,46.6225,22.7152,0.5298,,4.0397,40.8609,40.8609,10.5298,1.2583,2.4503,1.6556,22.1854,34.3709,36.1589,5.6291,,3.4437,38.6755,29.8013,21.2583,3.5099,3.3113,30.3974,20.8609,48.7417,,6.9536,22.5166,70.1987,0.3311,34.2384,59.2053,6.5563,26.777,8.9818,19.3679,12.707,20.9068,37.3216,2.6325,3.2671,61436.2229,31,31
2022,Zacatecas,0.3889,11447.1493,18603.654,23825.8347,28878.1593,34630.1694,41940.5607,49071.6154,60313.0812,79339.3979,150837.5161,3.9151,18.3809,49.8341,25.8792,1.858,0.1327,37.0272,59.9867,0.6636,2.3225,5.7067,28.4672,41.8713,17.7837,4.5123,1.6589,0.1327,2.4552,10.8162,31.1214,16.1248,36.9608,2.3889,7.0338,19.7744,40.2123,15.9257,13.3378,3.716,13.7359,6.1048,80.1593,,21.3006,6.503,71.3338,0.8626,10.8825,28.6662,28.9317,19.509,5.0431,6.9675,3.716,21.4997,51.493,21.4997,1.3271,0.4645,12.6078,32.6476,30.1261,14.2004,4.3132,6.1048,2.1234,16.8547,30.0597,43.5302,6.3703,1.0617,5.7731,27.8036,26.3437,27.6709,8.9582,3.4506,19.1772,29.2634,51.5594,,9.7545,32.6476,57.1334,0.4645,39.6151,55.4745,4.9104,24.3917,11.7037,15.7819,20.3799,22.398,36.6438,2.47,2.6543,49888.7138,32,32
